id,s,c,c6
12086,FL,Miami-Dade County,33
20195,KS,Trego County,32
48427,TX,Starr County,32
48489,TX,Willacy County,30
48047,TX,Brooks County,30
36047,NY,Kings County,30
48249,TX,Jim Wells County,29
48215,TX,Hidalgo County,29
12093,FL,Okeechobee County,28
40023,OK,Choctaw County,27
22117,LA,Washington Parish,27
21051,KY,Clay County,27
48131,TX,Duval County,27
47151,TN,Scott County,26
21025,KY,Breathitt County,26
21115,KY,Johnson County,26
46017,SD,Buffalo County,26
22035,LA,East Carroll Parish,26
48247,TX,Jim Hogg County,26
22091,LA,St. Helena Parish,26
22021,LA,Caldwell Parish,26
26163,MI,Wayne County,25
40089,OK,McCurtain County,25
21119,KY,Knott County,25
48061,TX,Cameron County,25
48387,TX,Red River County,25
21193,KY,Perry County,25
47049,TN,Fentress County,24
47095,TN,Lake County,24
51720,VA,Norton City,24
21133,KY,Letcher County,24
39145,OH,Scioto County,24
21013,KY,Bell County,24
21071,KY,Floyd County,24
22115,LA,Vernon Parish,24
51051,VA,Dickenson County,24
46049,SD,Faulk County,24
21237,KY,Wolfe County,24
48323,TX,Maverick County,24
40057,OK,Harmon County,24
21217,KY,Taylor County,24
54045,WV,Logan County,24
47013,TN,Campbell County,24
36005,NY,Bronx County,23
54059,WV,Mingo County,23
42087,PA,Mifflin County,23
12053,FL,Hernando County,23
21131,KY,Leslie County,23
21153,KY,Magoffin County,23
22039,LA,Evangeline Parish,23
29187,MO,St. Francois County,23
54047,WV,McDowell County,23
01105,AL,Perry County,23
34029,NJ,Ocean County,23
22105,LA,Tangipahoa Parish,23
48147,TX,Fannin County,23
40141,OK,Tillman County,23
12027,FL,DeSoto County,23
12101,FL,Pasco County,23
26049,MI,Genesee County,23
22083,LA,Richland Parish,23
21183,KY,Ohio County,23
36081,NY,Queens County,23
26099,MI,Macomb County,23
48351,TX,Newton County,23
12049,FL,Hardee County,23
48181,TX,Grayson County,23
48241,TX,Jasper County,22
48005,TX,Angelina County,22
21077,KY,Gallatin County,22
51195,VA,Wise County,22
22009,LA,Avoyelles Parish,22
48505,TX,Zapata County,22
34011,NJ,Cumberland County,22
48291,TX,Liberty County,22
12055,FL,Highlands County,22
40069,OK,Johnston County,22
21159,KY,Martin County,22
21189,KY,Owsley County,22
34017,NJ,Hudson County,22
21195,KY,Pike County,22
40013,OK,Bryan County,22
22097,LA,St. Landry Parish,22
39131,OH,Pike County,22
47025,TN,Claiborne County,22
12013,FL,Calhoun County,22
13069,GA,Coffee County,22
39079,OH,Jackson County,22
54055,WV,Mercer County,22
21019,KY,Boyd County,22
22123,LA,West Carroll Parish,22
48277,TX,Lamar County,22
21125,KY,Laurel County,22
39101,OH,Marion County,22
26017,MI,Bay County,22
12083,FL,Marion County,22
48245,TX,Jefferson County,22
48273,TX,Kleberg County,22
20109,KS,Logan County,22
21205,KY,Rowan County,22
12011,FL,Broward County,21
13005,GA,Bacon County,21
54015,WV,Clay County,21
40055,OK,Greer County,21
47045,TN,Dyer County,21
21043,KY,Carter County,21
01047,AL,Dallas County,21
13299,GA,Ware County,21
21095,KY,Harlan County,21
48205,TX,Hartley County,21
22041,LA,Franklin Parish,21
20063,KS,Gove County,21
13183,GA,Long County,21
47033,TN,Crockett County,21
29221,MO,Washington County,21
13271,GA,Telfair County,21
47175,TN,Van Buren County,21
21081,KY,Grant County,21
12097,FL,Osceola County,21
48449,TX,Titus County,21
40033,OK,Cotton County,21
17091,IL,Kankakee County,21
39023,OH,Clark County,21
40005,OK,Atoka County,21
12077,FL,Liberty County,21
48391,TX,Refugio County,21
22003,LA,Allen Parish,21
48125,TX,Dickens County,21
05011,AR,Bradley County,21
21223,KY,Trimble County,21
48355,TX,Nueces County,21
29155,MO,Pemiscot County,21
48175,TX,Goliad County,21
39095,OH,Lucas County,21
17127,IL,Massac County,21
05067,AR,Jackson County,21
01013,AL,Butler County,21
13287,GA,Turner County,21
21121,KY,Knox County,21
39081,OH,Jefferson County,21
12099,FL,Palm Beach County,21
28021,MS,Claiborne County,21
12007,FL,Bradford County,21
12095,FL,Orange County,21
39053,OH,Gallia County,21
42067,PA,Juniata County,21
26147,MI,St. Clair County,21
34001,NJ,Atlantic County,21
48409,TX,San Patricio County,21
21059,KY,Daviess County,21
29099,MO,Jefferson County,21
47039,TN,Decatur County,20
29045,MO,Clark County,20
39093,OH,Lorain County,20
47075,TN,Haywood County,20
22011,LA,Beauregard Parish,20
12003,FL,Baker County,20
22073,LA,Ouachita Parish,20
13283,GA,Treutlen County,20
12105,FL,Polk County,20
21147,KY,McCreary County,20
21061,KY,Edmonson County,20
39003,OH,Allen County,20
48025,TX,Bee County,20
48321,TX,Matagorda County,20
39007,OH,Ashtabula County,20
13065,GA,Clinch County,20
29143,MO,New Madrid County,20
21089,KY,Greenup County,20
29510,MO,St. Louis City,20
42101,PA,Philadelphia County,20
13003,GA,Atkinson County,20
01127,AL,Walker County,20
48119,TX,Delta County,20
37093,NC,Hoke County,20
21235,KY,Whitley County,20
21129,KY,Lee County,20
40009,OK,Beckham County,20
39141,OH,Ross County,20
37155,NC,Robeson County,20
54005,WV,Boone County,20
39087,OH,Lawrence County,20
28077,MS,Lawrence County,20
22127,LA,Winn Parish,20
20051,KS,Ellis County,20
26151,MI,Sanilac County,20
40029,OK,Coal County,20
21015,KY,Boone County,20
47111,TN,Macon County,20
42079,PA,Luzerne County,20
40065,OK,Jackson County,20
39153,OH,Summit County,20
32017,NV,Lincoln County,20
22027,LA,Claiborne Parish,20
21073,KY,Franklin County,20
48457,TX,Tyler County,20
21191,KY,Pendleton County,20
40031,OK,Comanche County,20
47067,TN,Hancock County,20
39119,OH,Muskingum County,20
28003,MS,Alcorn County,20
13153,GA,Houston County,20
26115,MI,Monroe County,20
18053,IN,Grant County,20
34013,NJ,Essex County,20
48343,TX,Morris County,20
13309,GA,Wheeler County,20
22001,LA,Acadia Parish,20
21023,KY,Bracken County,20
06037,CA,Los Angeles County,20
12005,FL,Bay County,20
12009,FL,Brevard County,20
13049,GA,Charlton County,20
12015,FL,Charlotte County,20
21181,KY,Nicholas County,20
48013,TX,Atascosa County,20
13319,GA,Wilkinson County,20
21041,KY,Carroll County,20
42021,PA,Cambria County,20
12107,FL,Putnam County,20
48255,TX,Karnes County,20
12057,FL,Hillsborough County,20
21063,KY,Elliott County,20
26157,MI,Tuscola County,20
37017,NC,Bladen County,20
13119,GA,Franklin County,20
12103,FL,Pinellas County,20
54019,WV,Fayette County,20
34009,NJ,Cape May County,20
36037,NY,Genesee County,20
48199,TX,Hardin County,20
26125,MI,Oakland County,20
21039,KY,Carlisle County,20
47071,TN,Hardin County,20
48163,TX,Frio County,20
22081,LA,Red River Parish,20
21187,KY,Owen County,20
12031,FL,Duval County,20
48407,TX,San Jacinto County,20
48127,TX,Dimmit County,20
54039,WV,Kanawha County,20
18175,IN,Washington County,20
36059,NY,Nassau County,20
54081,WV,Raleigh County,20
36057,NY,Montgomery County,20
01063,AL,Greene County,20
29175,MO,Randolph County,20
48469,TX,Victoria County,20
40077,OK,Latimer County,20
21117,KY,Kenton County,20
28065,MS,Jefferson Davis County,20
54035,WV,Jackson County,20
34041,NJ,Warren County,20
13175,GA,Laurens County,20
48239,TX,Jackson County,20
18089,IN,Lake County,20
01021,AL,Chilton County,20
37047,NC,Columbus County,20
42095,PA,Northampton County,20
48405,TX,San Augustine County,20
13167,GA,Johnson County,19
42033,PA,Clearfield County,19
21145,KY,McCracken County,19
39035,OH,Cuyahoga County,19
54043,WV,Lincoln County,19
12119,FL,Sumter County,19
42013,PA,Blair County,19
22069,LA,Natchitoches Parish,19
29093,MO,Iron County,19
42085,PA,Mercer County,19
01079,AL,Lawrence County,19
34033,NJ,Salem County,19
22053,LA,Jefferson Davis Parish,19
47097,TN,Lauderdale County,19
48439,TX,Tarrant County,19
34021,NJ,Mercer County,19
21057,KY,Cumberland County,19
47159,TN,Smith County,19
42023,PA,Cameron County,19
34015,NJ,Gloucester County,19
39001,OH,Adams County,19
47183,TN,Weakley County,19
21099,KY,Hart County,19
26145,MI,Saginaw County,19
48479,TX,Webb County,19
29161,MO,Phelps County,19
20135,KS,Ness County,19
48145,TX,Falls County,19
28091,MS,Marion County,19
34023,NJ,Middlesex County,19
21037,KY,Campbell County,19
48485,TX,Wichita County,19
29181,MO,Ripley County,19
51105,VA,Lee County,19
48185,TX,Grimes County,19
22101,LA,St. Mary Parish,19
40095,OK,Marshall County,19
48303,TX,Lubbock County,19
47169,TN,Trousdale County,19
12045,FL,Gulf County,19
48103,TX,Crane County,19
05063,AR,Independence County,19
48251,TX,Johnson County,19
39029,OH,Columbiana County,19
12117,FL,Seminole County,19
13027,GA,Brooks County,19
42073,PA,Lawrence County,19
26087,MI,Lapeer County,19
47053,TN,Gibson County,19
37171,NC,Surry County,19
13019,GA,Berrien County,19
40079,OK,Le Flore County,19
22059,LA,LaSalle Parish,19
20199,KS,Wallace County,19
12111,FL,St. Lucie County,19
42107,PA,Schuylkill County,19
12023,FL,Columbia County,19
47063,TN,Hamblen County,19
12043,FL,Glades County,19
36015,NY,Chemung County,19
22025,LA,Catahoula Parish,19
42083,PA,McKean County,19
21093,KY,Hardin County,19
54057,WV,Mineral County,19
42061,PA,Huntingdon County,19
21065,KY,Estill County,19
42097,PA,Northumberland County,19
34025,NJ,Monmouth County,19
34007,NJ,Camden County,19
40067,OK,Jefferson County,19
13269,GA,Taylor County,19
26061,MI,Houghton County,19
40137,OK,Stephens County,19
13277,GA,Tift County,19
39129,OH,Pickaway County,19
13031,GA,Bulloch County,19
48137,TX,Edwards County,19
21045,KY,Casey County,19
38073,ND,Ransom County,19
18069,IN,Huntington County,19
42047,PA,Elk County,19
40047,OK,Garfield County,19
21083,KY,Graves County,19
13023,GA,Bleckley County,19
22067,LA,Morehouse Parish,19
54079,WV,Putnam County,19
39105,OH,Meigs County,19
21085,KY,Grayson County,19
13055,GA,Chattooga County,19
36009,NY,Cattaraugus County,19
01035,AL,Conecuh County,19
22007,LA,Assumption Parish,19
01015,AL,Calhoun County,19
13161,GA,Jeff Davis County,19
21161,KY,Mason County,19
54049,WV,Marion County,19
13233,GA,Polk County,19
20165,KS,Rush County,19
40075,OK,Kiowa County,19
47015,TN,Cannon County,19
21007,KY,Ballard County,19
47043,TN,Dickson County,19
23003,ME,Aroostook County,19
48431,TX,Sterling County,19
48227,TX,Howard County,19
13193,GA,Macon County,19
54009,WV,Brooke County,19
37085,NC,Harnett County,19
29069,MO,Dunklin County,19
05035,AR,Crittenden County,19
42069,PA,Lackawanna County,19
36085,NY,Richmond County,19
12047,FL,Hamilton County,19
18143,IN,Scott County,19
47023,TN,Chester County,19
21165,KY,Menifee County,19
48203,TX,Harrison County,19
39099,OH,Mahoning County,19
28141,MS,Tishomingo County,19
48263,TX,Kent County,19
22013,LA,Bienville Parish,19
40001,OK,Adair County,19
18027,IN,Daviess County,19
17069,IL,Hardin County,19
36103,NY,Suffolk County,19
48001,TX,Anderson County,19
13043,GA,Candler County,19
26035,MI,Clare County,19
48487,TX,Wilbarger County,19
51185,VA,Tazewell County,19
37163,NC,Sampson County,19
48107,TX,Crosby County,19
12127,FL,Volusia County,19
13169,GA,Jones County,19
21141,KY,Logan County,19
21135,KY,Lewis County,19
18145,IN,Shelby County,19
39161,OH,Van Wert County,19
26011,MI,Arenac County,19
48361,TX,Orange County,19
12017,FL,Citrus County,19
28011,MS,Bolivar County,19
01055,AL,Etowah County,18
46039,SD,Deuel County,18
48161,TX,Freestone County,18
29113,MO,Lincoln County,18
13075,GA,Cook County,18
48353,TX,Nolan County,18
24001,MD,Allegany County,18
21011,KY,Bath County,18
48481,TX,Wharton County,18
13115,GA,Floyd County,18
13279,GA,Toombs County,18
47185,TN,White County,18
12033,FL,Escambia County,18
12037,FL,Franklin County,18
42025,PA,Carbon County,18
48507,TX,Zavala County,18
13155,GA,Irwin County,18
47113,TN,Madison County,18
12059,FL,Holmes County,18
18041,IN,Fayette County,18
21149,KY,McLean County,18
34031,NJ,Passaic County,18
12133,FL,Washington County,18
22047,LA,Iberville Parish,18
21103,KY,Henry County,18
48503,TX,Young County,18
22119,LA,Webster Parish,18
47069,TN,Hardeman County,18
48237,TX,Jack County,18
20205,KS,Wilson County,18
39157,OH,Tuscarawas County,18
05093,AR,Mississippi County,18
42003,PA,Allegheny County,18
01113,AL,Russell County,18
39151,OH,Stark County,18
36065,NY,Oneida County,18
42111,PA,Somerset County,18
13229,GA,Pierce County,18
51710,VA,Norfolk City,18
13257,GA,Stephens County,18
12069,FL,Lake County,18
40051,OK,Grady County,18
39045,OH,Fairfield County,18
26057,MI,Gratiot County,18
39085,OH,Lake County,18
48009,TX,Archer County,18
39013,OH,Belmont County,18
13289,GA,Twiggs County,18
21069,KY,Fleming County,18
51175,VA,Southampton County,18
39155,OH,Trumbull County,18
13021,GA,Bibb County,18
22103,LA,St. Tammany Parish,18
48455,TX,Trinity County,18
01043,AL,Cullman County,18
26155,MI,Shiawassee County,18
47017,TN,Carroll County,18
39171,OH,Williams County,18
51730,VA,Petersburg City,18
42121,PA,Venango County,18
47141,TN,Putnam County,18
48257,TX,Kaufman County,18
48037,TX,Bowie County,18
01053,AL,Escambia County,18
39113,OH,Montgomery County,18
22017,LA,Caddo Parish,18
37153,NC,Richmond County,18
01029,AL,Cleburne County,18
28161,MS,Yalobusha County,18
47087,TN,Jackson County,18
18179,IN,Wells County,18
22099,LA,St. Martin Parish,18
13225,GA,Peach County,18
39133,OH,Portage County,18
39015,OH,Brown County,18
42059,PA,Greene County,18
36003,NY,Allegany County,18
48473,TX,Waller County,18
42005,PA,Armstrong County,18
17001,IL,Adams County,18
44003,RI,Kent County,18
12063,FL,Jackson County,18
21225,KY,Union County,18
47077,TN,Henderson County,18
40019,OK,Carter County,18
54029,WV,Hancock County,18
36035,NY,Fulton County,18
13009,GA,Baldwin County,18
21169,KY,Metcalfe County,18
48113,TX,Dallas County,18
01039,AL,Covington County,18
22063,LA,Livingston Parish,18
13081,GA,Crisp County,18
22031,LA,De Soto Parish,18
12091,FL,Okaloosa County,18
34005,NJ,Burlington County,18
26073,MI,Isabella County,18
48027,TX,Bell County,18
36063,NY,Niagara County,18
22049,LA,Jackson Parish,18
48063,TX,Camp County,18
54025,WV,Greenbrier County,18
24510,MD,Baltimore City,18
21087,KY,Green County,18
51021,VA,Bland County,18
36117,NY,Wayne County,18
26051,MI,Gladwin County,18
29127,MO,Marion County,18
47115,TN,Marion County,18
54089,WV,Summers County,18
09009,CT,New Haven County,18
51630,VA,Fredericksburg City,18
54109,WV,Wyoming County,18
42011,PA,Berks County,18
51027,VA,Buchanan County,18
13215,GA,Muscogee County,18
29115,MO,Linn County,18
17163,IL,St. Clair County,18
29075,MO,Gentry County,18
36071,NY,Orange County,18
48313,TX,Madison County,18
34039,NJ,Union County,18
35009,NM,Curry County,18
17031,IL,Cook County,18
28043,MS,Grenada County,18
48403,TX,Sabine County,18
48055,TX,Caldwell County,18
29179,MO,Reynolds County,18
51183,VA,Sussex County,18
48435,TX,Sutton County,18
48193,TX,Hamilton County,18
48231,TX,Hunt County,18
26063,MI,Huron County,18
21219,KY,Todd County,18
47129,TN,Morgan County,18
40127,OK,Pushmataha County,18
29007,MO,Audrain County,18
13105,GA,Elbert County,18
29125,MO,Maries County,18
51081,VA,Greensville County,18
47041,TN,DeKalb County,18
29139,MO,Montgomery County,18
21173,KY,Montgomery County,18
48341,TX,Moore County,18
13007,GA,Baker County,18
09011,CT,New London County,18
26059,MI,Hillsdale County,18
28027,MS,Coahoma County,18
48213,TX,Henderson County,18
28123,MS,Scott County,18
29117,MO,Livingston County,18
31003,NE,Antelope County,18
21031,KY,Butler County,18
47177,TN,Warren County,18
18095,IN,Madison County,18
48493,TX,Wilson County,18
21229,KY,Washington County,18
39017,OH,Butler County,18
13223,GA,Paulding County,18
39117,OH,Morrow County,18
48141,TX,El Paso County,18
47061,TN,Grundy County,18
42065,PA,Jefferson County,18
44007,RI,Providence County,18
18043,IN,Floyd County,18
01093,AL,Marion County,18
48429,TX,Stephens County,18
47173,TN,Union County,18
13143,GA,Haralson County,18
22109,LA,Terrebonne Parish,18
42077,PA,Lehigh County,18
48153,TX,Floyd County,18
39163,OH,Vinton County,18
22045,LA,Iberia Parish,18
40039,OK,Custer County,18
01059,AL,Franklin County,18
12051,FL,Hendry County,18
22055,LA,Lafayette Parish,18
48445,TX,Terry County,18
39043,OH,Erie County,18
48071,TX,Chambers County,18
42045,PA,Delaware County,18
21027,KY,Breckinridge County,18
42051,PA,Fayette County,18
47099,TN,Lawrence County,18
34003,NJ,Bergen County,18
48305,TX,Lynn County,18
26129,MI,Ogemaw County,18
42019,PA,Butler County,18
01019,AL,Cherokee County,18
22107,LA,Tensas Parish,18
22005,LA,Ascension Parish,18
17083,IL,Jersey County,18
17029,IL,Coles County,18
22015,LA,Bossier Parish,18
36051,NY,Livingston County,18
17115,IL,Macon County,18
24037,MD,St. Mary's County,18
54085,WV,Ritchie County,18
21177,KY,Muhlenberg County,18
21109,KY,Jackson County,18
48077,TX,Clay County,18
47165,TN,Sumner County,18
21171,KY,Monroe County,18
12113,FL,Santa Rosa County,18
06025,CA,Imperial County,18
28031,MS,Covington County,18
48419,TX,Shelby County,17
25005,MA,Bristol County,17
01033,AL,Colbert County,17
39135,OH,Preble County,17
48023,TX,Baylor County,17
39111,OH,Monroe County,17
48283,TX,La Salle County,17
22077,LA,Pointe Coupee Parish,17
05147,AR,Woodruff County,17
01007,AL,Bibb County,17
48371,TX,Pecos County,17
39109,OH,Miami County,17
47145,TN,Roane County,17
47081,TN,Hickman County,17
08011,CO,Bent County,17
54011,WV,Cabell County,17
39175,OH,Wyandot County,17
28041,MS,Greene County,17
20025,KS,Clark County,17
18077,IN,Jefferson County,17
26025,MI,Calhoun County,17
54107,WV,Wood County,17
51025,VA,Brunswick County,17
22057,LA,Lafourche Parish,17
12125,FL,Union County,17
42063,PA,Indiana County,17
21155,KY,Marion County,17
48367,TX,Parker County,17
26081,MI,Kent County,17
20101,KS,Lane County,17
21233,KY,Webster County,17
48183,TX,Gregg County,17
42049,PA,Erie County,17
39159,OH,Union County,17
47137,TN,Pickett County,17
01125,AL,Tuscaloosa County,17
13235,GA,Pulaski County,17
47135,TN,Perry County,17
36045,NY,Jefferson County,17
51670,VA,Hopewell City,17
48349,TX,Navarro County,17
42055,PA,Franklin County,17
13071,GA,Colquitt County,17
17195,IL,Whiteside County,17
01069,AL,Houston County,17
24045,MD,Wicomico County,17
17165,IL,Saline County,17
47073,TN,Hawkins County,17
28101,MS,Newton County,17
17075,IL,Iroquois County,17
54095,WV,Tyler County,17
12081,FL,Manatee County,17
48315,TX,Marion County,17
51740,VA,Portsmouth City,17
48073,TX,Cherokee County,17
21127,KY,Lawrence County,17
18075,IN,Jay County,17
18167,IN,Vigo County,17
01061,AL,Geneva County,17
40149,OK,Washita County,17
01133,AL,Winston County,17
20167,KS,Russell County,17
37101,NC,Johnston County,17
47007,TN,Bledsoe County,17
26117,MI,Montcalm County,17
39065,OH,Hardin County,17
22051,LA,Jefferson Parish,17
21107,KY,Hopkins County,17
36013,NY,Chautauqua County,17
48363,TX,Palo Pinto County,17
26095,MI,Luce County,17
47147,TN,Robertson County,17
37051,NC,Cumberland County,17
37007,NC,Anson County,17
26121,MI,Muskegon County,17
20065,KS,Graham County,17
48115,TX,Dawson County,17
13015,GA,Bartow County,17
29071,MO,Franklin County,17
28111,MS,Perry County,17
46045,SD,Edmunds County,17
39115,OH,Morgan County,17
01045,AL,Dale County,17
24039,MD,Somerset County,17
37107,NC,Lenoir County,17
26021,MI,Berrien County,17
21151,KY,Madison County,17
48401,TX,Rusk County,17
21009,KY,Barren County,17
48365,TX,Panola County,17
48467,TX,Van Zandt County,17
18177,IN,Wayne County,17
25025,MA,Suffolk County,17
36087,NY,Rockland County,17
48011,TX,Armstrong County,17
39127,OH,Perry County,17
29163,MO,Pike County,17
42099,PA,Perry County,17
21001,KY,Adair County,17
13305,GA,Wayne County,17
47149,TN,Rutherford County,17
48475,TX,Ward County,17
26109,MI,Menominee County,17
28125,MS,Sharkey County,17
29013,MO,Bates County,17
26065,MI,Ingham County,17
22043,LA,Grant Parish,17
17139,IL,Moultrie County,17
01027,AL,Clay County,17
39039,OH,Defiance County,17
18061,IN,Harrison County,17
18017,IN,Cass County,17
39147,OH,Seneca County,17
48459,TX,Upshur County,17
39059,OH,Guernsey County,17
47051,TN,Franklin County,17
48029,TX,Bexar County,17
20099,KS,Labette County,17
51155,VA,Pulaski County,17
06071,CA,San Bernardino County,17
17121,IL,Marion County,17
37065,NC,Edgecombe County,17
54033,WV,Harrison County,17
01095,AL,Marshall County,17
20141,KS,Osborne County,17
21091,KY,Hancock County,17
06029,CA,Kern County,17
55079,WI,Milwaukee County,17
12039,FL,Gadsden County,17
39031,OH,Coshocton County,17
09015,CT,Windham County,17
36083,NY,Rensselaer County,17
28007,MS,Attala County,17
21123,KY,Larue County,17
12019,FL,Clay County,17
28113,MS,Pike County,17
48167,TX,Galveston County,17
13267,GA,Tattnall County,17
28147,MS,Walthall County,17
51167,VA,Russell County,17
47181,TN,Wayne County,17
54103,WV,Wetzel County,17
39009,OH,Athens County,17
37083,NC,Halifax County,17
22113,LA,Vermilion Parish,17
37165,NC,Scotland County,17
42129,PA,Westmoreland County,17
54051,WV,Marshall County,17
51800,VA,Suffolk City,17
28073,MS,Lamar County,17
48201,TX,Harris County,17
48139,TX,Ellis County,17
45033,SC,Dillon County,17
18097,IN,Marion County,17
21175,KY,Morgan County,17
24015,MD,Cecil County,17
17119,IL,Madison County,17
39025,OH,Clermont County,17
13301,GA,Warren County,17
51117,VA,Mecklenburg County,17
13185,GA,Lowndes County,17
47057,TN,Grainger County,17
36101,NY,Steuben County,17
13149,GA,Heard County,17
22019,LA,Calcasieu Parish,17
36055,NY,Monroe County,17
48495,TX,Winkler County,17
22029,LA,Concordia Parish,17
47029,TN,Cocke County,17
01071,AL,Jackson County,17
18103,IN,Miami County,17
47055,TN,Giles County,17
13013,GA,Barrow County,17
48423,TX,Smith County,17
31011,NE,Boone County,17
05081,AR,Little River County,17
36075,NY,Oswego County,17
17051,IL,Fayette County,17
01115,AL,St. Clair County,17
17133,IL,Monroe County,17
17197,IL,Will County,17
19145,IA,Page County,17
40101,OK,Muskogee County,17
22089,LA,St. Charles Parish,17
51595,VA,Emporia City,17
48135,TX,Ector County,17
28063,MS,Jefferson County,17
42125,PA,Washington County,17
21029,KY,Bullitt County,17
13025,GA,Brantley County,17
55073,WI,Marathon County,17
17025,IL,Clay County,17
48293,TX,Limestone County,17
42035,PA,Clinton County,17
05149,AR,Yell County,17
21111,KY,Jefferson County,17
18081,IN,Johnson County,17
05091,AR,Miller County,17
21227,KY,Warren County,17
48345,TX,Motley County,17
01121,AL,Talladega County,17
54099,WV,Wayne County,17
29083,MO,Henry County,17
08089,CO,Otero County,17
48151,TX,Fisher County,17
24005,MD,Baltimore County,17
48097,TX,Cooke County,17
12131,FL,Walton County,17
37157,NC,Rockingham County,17
01123,AL,Tallapoosa County,17
13091,GA,Dodge County,17
47085,TN,Humphreys County,17
29015,MO,Benton County,17
29055,MO,Crawford County,17
54101,WV,Webster County,17
48281,TX,Lampasas County,17
39071,OH,Highland County,17
18127,IN,Porter County,17
29189,MO,St. Louis County,17
48465,TX,Val Verde County,17
39167,OH,Washington County,17
18021,IN,Clay County,17
24021,MD,Frederick County,17
39057,OH,Greene County,17
13101,GA,Echols County,17
48039,TX,Brazoria County,17
36089,NY,St. Lawrence County,17
42071,PA,Lancaster County,17
01067,AL,Henry County,17
39067,OH,Harrison County,17
54053,WV,Mason County,17
48285,TX,Lavaca County,17
17039,IL,De Witt County,17
19133,IA,Monona County,17
26015,MI,Barry County,17
54001,WV,Barbour County,17
29097,MO,Jasper County,17
06101,CA,Sutter County,17
40123,OK,Pontotoc County,17
18019,IN,Clark County,17
17157,IL,Randolph County,17
47109,TN,McNairy County,17
42027,PA,Centre County,17
28137,MS,Tate County,17
21017,KY,Bourbon County,17
01005,AL,Barbour County,16
37117,NC,Martin County,16
17151,IL,Pope County,16
13017,GA,Ben Hill County,16
20081,KS,Haskell County,16
17013,IL,Calhoun County,16
13129,GA,Gordon County,16
25013,MA,Hampden County,16
40099,OK,Murray County,16
21049,KY,Clark County,16
48497,TX,Wise County,16
48177,TX,Gonzales County,16
28047,MS,Harrison County,16
40121,OK,Pittsburg County,16
28083,MS,Leflore County,16
12121,FL,Suwannee County,16
21139,KY,Livingston County,16
48347,TX,Nacogdoches County,16
01011,AL,Bullock County,16
42109,PA,Snyder County,16
13173,GA,Lanier County,16
20071,KS,Greeley County,16
28149,MS,Warren County,16
28015,MS,Carroll County,16
28117,MS,Prentiss County,16
21213,KY,Simpson County,16
18025,IN,Crawford County,16
48041,TX,Brazos County,16
22079,LA,Rapides Parish,16
51135,VA,Nottoway County,16
48395,TX,Robertson County,16
01111,AL,Randolph County,16
36073,NY,Orleans County,16
36115,NY,Washington County,16
42017,PA,Bucks County,16
39021,OH,Champaign County,16
51083,VA,Halifax County,16
29091,MO,Howell County,16
29167,MO,Polk County,16
48223,TX,Hopkins County,16
28093,MS,Marshall County,16
28143,MS,Tunica County,16
21197,KY,Powell County,16
18067,IN,Howard County,16
45087,SC,Union County,16
39173,OH,Wood County,16
26075,MI,Jackson County,16
42009,PA,Bedford County,16
22037,LA,East Feliciana Parish,16
26111,MI,Midland County,16
29133,MO,Mississippi County,16
22023,LA,Cameron Parish,16
13107,GA,Emanuel County,16
31083,NE,Harlan County,16
39049,OH,Franklin County,16
42037,PA,Columbia County,16
29183,MO,St. Charles County,16
48123,TX,DeWitt County,16
17079,IL,Jasper County,16
45029,SC,Colleton County,16
45059,SC,Laurens County,16
06077,CA,San Joaquin County,16
48121,TX,Denton County,16
05079,AR,Lincoln County,16
24011,MD,Caroline County,16
48179,TX,Gray County,16
48297,TX,Live Oak County,16
48307,TX,McCulloch County,16
54061,WV,Monongalia County,16
09003,CT,Hartford County,16
18153,IN,Sullivan County,16
24019,MD,Dorchester County,16
40115,OK,Ottawa County,16
17049,IL,Effingham County,16
39047,OH,Fayette County,16
29201,MO,Scott County,16
21079,KY,Garrard County,16
29023,MO,Butler County,16
47133,TN,Overton County,16
36023,NY,Cortland County,16
37061,NC,Duplin County,16
48051,TX,Burleson County,16
29123,MO,Madison County,16
54007,WV,Braxton County,16
22111,LA,Union Parish,16
48159,TX,Franklin County,16
39169,OH,Wayne County,16
35025,NM,Lea County,16
01009,AL,Blount County,16
17087,IL,Johnson County,16
48155,TX,Foard County,16
18157,IN,Tippecanoe County,16
36019,NY,Clinton County,16
26033,MI,Chippewa County,16
18099,IN,Marshall County,16
12079,FL,Madison County,16
18101,IN,Martin County,16
17117,IL,Macoupin County,16
38095,ND,Towner County,16
13053,GA,Chattahoochee County,16
48099,TX,Coryell County,16
42089,PA,Monroe County,16
36069,NY,Ontario County,16
48335,TX,Mitchell County,16
01131,AL,Wilcox County,16
31129,NE,Nuckolls County,16
36061,NY,New York County,16
29157,MO,Perry County,16
25009,MA,Essex County,16
17055,IL,Franklin County,16
13125,GA,Glascock County,16
05133,AR,Sevier County,16
26143,MI,Roscommon County,16
28069,MS,Kemper County,16
28045,MS,Hancock County,16
29197,MO,Schuyler County,16
05135,AR,Sharp County,16
13265,GA,Taliaferro County,16
27087,MN,Mahnomen County,16
36119,NY,Westchester County,16
05111,AR,Poinsett County,16
18035,IN,Delaware County,16
39019,OH,Carroll County,16
48219,TX,Hockley County,16
51590,VA,Danville City,16
29149,MO,Oregon County,16
36033,NY,Franklin County,16
18109,IN,Morgan County,16
47167,TN,Tipton County,16
24043,MD,Washington County,16
39073,OH,Hocking County,16
17005,IL,Bond County,16
12061,FL,Indian River County,16
28099,MS,Neshoba County,16
13315,GA,Wilcox County,16
54087,WV,Roane County,16
48189,TX,Hale County,16
40093,OK,Major County,16
26085,MI,Lake County,16
29199,MO,Scotland County,16
22087,LA,St. Bernard Parish,16
51197,VA,Wythe County,16
12109,FL,St. Johns County,16
13263,GA,Talbot County,16
42031,PA,Clarion County,16
55075,WI,Marinette County,16
51620,VA,Franklin City,16
40135,OK,Sequoyah County,16
39097,OH,Madison County,16
17153,IL,Pulaski County,16
21201,KY,Robertson County,16
48471,TX,Walker County,16
26007,MI,Alpena County,16
48065,TX,Carson County,16
54063,WV,Monroe County,16
17145,IL,Perry County,16
40015,OK,Caddo County,16
46089,SD,McPherson County,16
20209,KS,Wyandotte County,16
36029,NY,Erie County,16
37131,NC,Northampton County,16
05069,AR,Jefferson County,16
25021,MA,Norfolk County,16
13295,GA,Walker County,16
28129,MS,Smith County,16
13083,GA,Dade County,16
45025,SC,Chesterfield County,16
48289,TX,Leon County,16
20037,KS,Crawford County,16
18005,IN,Bartholomew County,16
48331,TX,Milam County,16
13045,GA,Carroll County,16
06099,CA,Stanislaus County,16
38075,ND,Renville County,16
51071,VA,Giles County,16
47011,TN,Bradley County,16
40061,OK,Haskell County,16
48169,TX,Garza County,16
39061,OH,Hamilton County,16
39165,OH,Warren County,16
18115,IN,Ohio County,16
06031,CA,Kings County,16
40053,OK,Grant County,16
06047,CA,Merced County,16
26105,MI,Mason County,16
18083,IN,Knox County,16
42057,PA,Fulton County,16
17061,IL,Greene County,16
31163,NE,Sherman County,16
42041,PA,Cumberland County,16
21199,KY,Pulaski County,16
48339,TX,Montgomery County,16
21137,KY,Lincoln County,16
28133,MS,Sunflower County,16
51169,VA,Scott County,16
10003,DE,New Castle County,16
17183,IL,Vermilion County,16
45055,SC,Kershaw County,16
13209,GA,Montgomery County,16
55107,WI,Rusk County,16
36099,NY,Seneca County,16
20125,KS,Montgomery County,16
17077,IL,Jackson County,16
48057,TX,Calhoun County,16
17053,IL,Ford County,16
05057,AR,Hempstead County,16
37151,NC,Randolph County,16
28017,MS,Chickasaw County,16
26067,MI,Ionia County,16
47003,TN,Bedford County,16
23001,ME,Androscoggin County,16
28023,MS,Clarke County,16
10001,DE,Kent County,16
28139,MS,Tippah County,16
47027,TN,Clay County,16
10005,DE,Sussex County,16
28075,MS,Lauderdale County,16
01057,AL,Fayette County,16
05145,AR,White County,16
48007,TX,Aransas County,16
51550,VA,Chesapeake City,16
45031,SC,Darlington County,16
39055,OH,Geauga County,16
24013,MD,Carroll County,16
20021,KS,Cherokee County,16
12035,FL,Flagler County,16
40091,OK,McIntosh County,16
39123,OH,Ottawa County,16
36039,NY,Greene County,16
48287,TX,Lee County,16
51053,VA,Dinwiddie County,16
48311,TX,McMullen County,16
26023,MI,Branch County,16
36105,NY,Sullivan County,16
39011,OH,Auglaize County,16
46113,SD,Shannon County,16
29021,MO,Buchanan County,16
40027,OK,Cleveland County,16
54041,WV,Lewis County,16
48225,TX,Houston County,16
13253,GA,Seminole County,16
47125,TN,Montgomery County,16
28097,MS,Montgomery County,16
21207,KY,Russell County,16
21075,KY,Fulton County,16
22033,LA,East Baton Rouge Parish,16
48087,TX,Collingsworth County,16
48089,TX,Colorado County,16
48375,TX,Potter County,16
37167,NC,Stanly County,16
17199,IL,Williamson County,16
19197,IA,Wright County,16
18163,IN,Vanderburgh County,16
36001,NY,Albany County,16
51520,VA,Bristol City,16
55069,WI,Lincoln County,16
37123,NC,Montgomery County,16
25027,MA,Worcester County,16
36011,NY,Cayuga County,16
47019,TN,Carter County,16
36043,NY,Herkimer County,16
47171,TN,Unicoi County,16
47143,TN,Rhea County,16
18169,IN,Wabash County,16
36097,NY,Schuyler County,16
51149,VA,Prince George County,16
22093,LA,St. James Parish,16
48441,TX,Taylor County,16
47037,TN,Davidson County,16
47139,TN,Polk County,15
06115,CA,Yuba County,15
18155,IN,Switzerland County,15
12067,FL,Lafayette County,15
48317,TX,Martin County,15
42131,PA,Wyoming County,15
13321,GA,Worth County,15
29186,MO,Ste. Genevieve County,15
18003,IN,Allen County,15
17201,IL,Winnebago County,15
12071,FL,Lee County,15
01049,AL,DeKalb County,15
21053,KY,Clinton County,15
39121,OH,Noble County,15
13213,GA,Murray County,15
26031,MI,Cheboygan County,15
24025,MD,Harford County,15
36007,NY,Broome County,15
39125,OH,Paulding County,15
17191,IL,Wayne County,15
12075,FL,Levy County,15
01085,AL,Lowndes County,15
42133,PA,York County,15
24009,MD,Calvert County,15
18031,IN,Decatur County,15
48271,TX,Kinney County,15
37193,NC,Wilkes County,15
21101,KY,Henderson County,15
17081,IL,Jefferson County,15
37145,NC,Person County,15
48451,TX,Tom Green County,15
51187,VA,Warren County,15
26077,MI,Kalamazoo County,15
12073,FL,Leon County,15
18181,IN,White County,15
05077,AR,Lee County,15
28109,MS,Pearl River County,15
28107,MS,Panola County,15
29051,MO,Cole County,15
18029,IN,Dearborn County,15
19045,IA,Clinton County,15
18091,IN,LaPorte County,15
29011,MO,Barton County,15
20095,KS,Kingman County,15
28067,MS,Jones County,15
36121,NY,Wyoming County,15
16079,ID,Shoshone County,15
13057,GA,Cherokee County,15
13163,GA,Jefferson County,15
21067,KY,Fayette County,15
21185,KY,Oldham County,15
01075,AL,Lamar County,15
18131,IN,Pulaski County,15
22121,LA,West Baton Rouge Parish,15
28037,MS,Franklin County,15
17181,IL,Union County,15
18045,IN,Fountain County,15
48017,TX,Bailey County,15
18007,IN,Benton County,15
06065,CA,Riverside County,15
40125,OK,Pottawatomie County,15
13297,GA,Walton County,15
39103,OH,Medina County,15
29151,MO,Osage County,15
21167,KY,Mercer County,15
45069,SC,Marlboro County,15
21055,KY,Crittenden County,15
12001,FL,Alachua County,15
06059,CA,Orange County,15
17021,IL,Christian County,15
48433,TX,Stonewall County,15
40073,OK,Kingfisher County,15
42043,PA,Dauphin County,15
34035,NJ,Somerset County,15
05043,AR,Drew County,15
06107,CA,Tulare County,15
24017,MD,Charles County,15
18039,IN,Elkhart County,15
47083,TN,Houston County,15
42007,PA,Beaver County,15
39137,OH,Putnam County,15
19079,IA,Hamilton County,15
18133,IN,Putnam County,15
48173,TX,Glasscock County,15
21105,KY,Hickman County,15
42091,PA,Montgomery County,15
21215,KY,Spencer County,15
01099,AL,Monroe County,15
28079,MS,Leake County,15
48381,TX,Randall County,15
29073,MO,Gasconade County,15
13285,GA,Troup County,15
35035,NM,Otero County,15
26107,MI,Mecosta County,15
28085,MS,Lincoln County,15
51570,VA,Colonial Heights City,15
31099,NE,Kearney County,15
17089,IL,Kane County,15
22071,LA,Orleans Parish,15
48499,TX,Wood County,15
37025,NC,Cabarrus County,15
26027,MI,Cass County,15
01097,AL,Mobile County,15
47021,TN,Cheatham County,15
17189,IL,Washington County,15
19071,IA,Fremont County,15
05025,AR,Cleveland County,15
48279,TX,Lamb County,15
51111,VA,Lunenburg County,15
13195,GA,Madison County,15
13259,GA,Stewart County,15
13187,GA,Lumpkin County,15
46013,SD,Brown County,15
28059,MS,Jackson County,15
47001,TN,Anderson County,15
20145,KS,Pawnee County,15
28115,MS,Pontotoc County,15
42001,PA,Adams County,15
20179,KS,Sheridan County,15
31093,NE,Howard County,15
54077,WV,Preston County,15
28005,MS,Amite County,15
45039,SC,Fairfield County,15
29095,MO,Jackson County,15
05131,AR,Sebastian County,15
20057,KS,Ford County,15
12089,FL,Nassau County,15
21157,KY,Marshall County,15
39149,OH,Shelby County,15
55067,WI,Langlade County,15
48085,TX,Collin County,15
21163,KY,Meade County,15
26133,MI,Osceola County,15
20059,KS,Franklin County,15
40021,OK,Cherokee County,15
42093,PA,Montour County,15
01051,AL,Elmore County,15
22085,LA,Sabine Parish,15
21179,KY,Nelson County,15
40109,OK,Oklahoma County,15
17107,IL,Logan County,15
13011,GA,Banks County,15
47179,TN,Washington County,15
17149,IL,Pike County,15
01119,AL,Sumter County,15
17041,IL,Douglas County,15
05049,AR,Fulton County,15
13097,GA,Douglas County,15
01065,AL,Hale County,15
45067,SC,Marion County,15
37001,NC,Alamance County,15
36113,NY,Warren County,15
01091,AL,Marengo County,15
06055,CA,Napa County,15
01031,AL,Coffee County,15
29211,MO,Sullivan County,15
01017,AL,Chambers County,15
48399,TX,Runnels County,15
29207,MO,Stoddard County,15
01103,AL,Morgan County,15
48235,TX,Irion County,15
36111,NY,Ulster County,15
47157,TN,Shelby County,15
51810,VA,Virginia Beach City,15
25017,MA,Middlesex County,15
40003,OK,Alfalfa County,15
37071,NC,Gaston County,15
18149,IN,Starke County,15
12029,FL,Dixie County,15
28035,MS,Forrest County,15
29059,MO,Dallas County,15
48415,TX,Scurry County,15
05007,AR,Benton County,15
29001,MO,Adair County,15
17007,IL,Boone County,15
18033,IN,DeKalb County,15
28039,MS,George County,15
01073,AL,Jefferson County,15
29103,MO,Knox County,15
29041,MO,Chariton County,15
13141,GA,Hancock County,15
36027,NY,Dutchess County,15
39069,OH,Henry County,15
42081,PA,Lycoming County,15
55071,WI,Manitowoc County,15
13079,GA,Crawford County,15
48157,TX,Fort Bend County,15
26139,MI,Ottawa County,15
17063,IL,Grundy County,15
37057,NC,Davidson County,15
40117,OK,Pawnee County,15
51139,VA,Page County,15
48325,TX,Medina County,15
13217,GA,Newton County,15
12115,FL,Sarasota County,15
37127,NC,Nash County,15
01107,AL,Pickens County,15
55115,WI,Shawano County,15
22095,LA,St. John the Baptist Parish,15
40111,OK,Okmulgee County,15
48417,TX,Shackelford County,15
48207,TX,Haskell County,15
47005,TN,Benton County,15
39051,OH,Fulton County,15
17193,IL,White County,15
51790,VA,Staunton City,15
40035,OK,Craig County,15
13199,GA,Meriwether County,15
18079,IN,Jennings County,15
45085,SC,Sumter County,15
13237,GA,Putnam County,15
45009,SC,Bamberg County,15
13197,GA,Marion County,15
19013,IA,Black Hawk County,15
28033,MS,DeSoto County,15
42123,PA,Warren County,15
48425,TX,Somervell County,15
26159,MI,Van Buren County,15
21005,KY,Anderson County,15
26045,MI,Eaton County,15
13159,GA,Jasper County,15
18051,IN,Gibson County,15
54069,WV,Ohio County,15
39089,OH,Licking County,15
31173,NE,Thurston County,15
17167,IL,Sangamon County,15
37133,NC,Onslow County,15
48021,TX,Bastrop County,15
51840,VA,Winchester City,15
40133,OK,Seminole County,15
29177,MO,Ray County,15
39077,OH,Huron County,15
45083,SC,Spartanburg County,15
47035,TN,Cumberland County,15
47163,TN,Sullivan County,15
05075,AR,Lawrence County,15
05117,AR,Prairie County,15
06039,CA,Madera County,15
17173,IL,Shelby County,15
21047,KY,Christian County,15
47093,TN,Knox County,15
48067,TX,Cass County,15
28103,MS,Noxubee County,15
12041,FL,Gilchrist County,15
26091,MI,Lenawee County,15
28119,MS,Quitman County,15
28001,MS,Adams County,15
35005,NM,Chaves County,15
42053,PA,Forest County,15
18009,IN,Blackford County,15
47131,TN,Obion County,15
40083,OK,Logan County,15
26071,MI,Iron County,15
31125,NE,Nance County,15
13189,GA,McDuffie County,15
05137,AR,Stone County,15
01101,AL,Montgomery County,15
31073,NE,Gosper County,15
29215,MO,Texas County,15
45057,SC,Lancaster County,15
26119,MI,Montmorency County,15
21113,KY,Jessamine County,15
47153,TN,Sequatchie County,15
45021,SC,Cherokee County,15
17105,IL,Livingston County,15
48461,TX,Upton County,15
13109,GA,Evans County,15
31065,NE,Furnas County,15
54073,WV,Pleasants County,15
21203,KY,Rockcastle County,15
18001,IN,Adams County,15
01083,AL,Limestone County,15
31061,NE,Franklin County,15
37069,NC,Franklin County,15
37091,NC,Hertford County,15
38063,ND,Nelson County,15
20119,KS,Meade County,15
45061,SC,Lee County,15
54105,WV,Wirt County,15
26005,MI,Allegan County,15
40011,OK,Blaine County,15
22065,LA,Madison Parish,15
38021,ND,Dickey County,15
47123,TN,Monroe County,15
42029,PA,Chester County,15
42075,PA,Lebanon County,15
36021,NY,Columbia County,15
47031,TN,Coffee County,15
13303,GA,Washington County,15
48383,TX,Reagan County,15
29195,MO,Saline County,15
19185,IA,Wayne County,15
37159,NC,Rowan County,15
37033,NC,Caswell County,15
39037,OH,Darke County,15
47121,TN,Meigs County,15
29219,MO,Warren County,15
05059,AR,Hot Spring County,15
20171,KS,Scott County,15
13111,GA,Fannin County,15
05125,AR,Saline County,15
05073,AR,Lafayette County,15
18121,IN,Parke County,15
34037,NJ,Sussex County,15
37003,NC,Alexander County,14
45073,SC,Oconee County,14
31119,NE,Madison County,14
28135,MS,Tallahatchie County,14
05103,AR,Ouachita County,14
31111,NE,Lincoln County,14
40119,OK,Payne County,14
20027,KS,Clay County,14
28131,MS,Stone County,14
25023,MA,Plymouth County,14
46029,SD,Codington County,14
37023,NC,Burke County,14
47189,TN,Wilson County,14
22061,LA,Lincoln Parish,14
39143,OH,Sandusky County,14
48059,TX,Callahan County,14
27007,MN,Beltrami County,14
01001,AL,Autauga County,14
26093,MI,Livingston County,14
55019,WI,Clark County,14
39027,OH,Clinton County,14
13139,GA,Hall County,14
40097,OK,Mayes County,14
26165,MI,Wexford County,14
40049,OK,Garvin County,14
40129,OK,Roger Mills County,14
45015,SC,Berkeley County,14
24029,MD,Kent County,14
37103,NC,Jones County,14
48187,TX,Guadalupe County,14
31181,NE,Webster County,14
24033,MD,Prince George's County,14
13047,GA,Catoosa County,14
37109,NC,Lincoln County,14
37185,NC,Warren County,14
05119,AR,Pulaski County,14
34027,NJ,Morris County,14
40145,OK,Wagoner County,14
05053,AR,Grant County,14
36025,NY,Delaware County,14
09007,CT,Middlesex County,14
37141,NC,Pender County,14
39033,OH,Crawford County,14
47089,TN,Jefferson County,14
45045,SC,Greenville County,14
40113,OK,Osage County,14
36049,NY,Lewis County,14
37197,NC,Yadkin County,14
45071,SC,Newberry County,14
13093,GA,Dooly County,14
40087,OK,McClain County,14
26039,MI,Crawford County,14
26149,MI,St. Joseph County,14
37077,NC,Granville County,14
05085,AR,Lonoke County,14
17045,IL,Edgar County,14
05033,AR,Crawford County,14
39041,OH,Delaware County,14
13179,GA,Liberty County,14
51147,VA,Prince Edward County,14
29049,MO,Clinton County,14
48389,TX,Reeves County,14
26123,MI,Newaygo County,14
12021,FL,Collier County,14
18137,IN,Ripley County,14
18093,IN,Lawrence County,14
17101,IL,Lawrence County,14
20049,KS,Elk County,14
17037,IL,DeKalb County,14
20207,KS,Woodson County,14
45041,SC,Florence County,14
17043,IL,DuPage County,14
47047,TN,Fayette County,14
48397,TX,Rockwall County,14
48453,TX,Travis County,14
26135,MI,Oscoda County,14
17179,IL,Tazewell County,14
37045,NC,Cleveland County,14
39083,OH,Knox County,14
17137,IL,Morgan County,14
55139,WI,Winnebago County,14
39139,OH,Richland County,14
20019,KS,Chautauqua County,14
17147,IL,Piatt County,14
01117,AL,Shelby County,14
29169,MO,Pulaski County,14
51580,VA,Covington City,14
47127,TN,Moore County,14
13249,GA,Schley County,14
37195,NC,Wilson County,14
51820,VA,Waynesboro City,14
17103,IL,Lee County,14
48003,TX,Andrews County,14
18171,IN,Warren County,14
54083,WV,Randolph County,14
09001,CT,Fairfield County,14
29185,MO,St. Clair County,14
38101,ND,Ward County,14
37105,NC,Lee County,14
01023,AL,Choctaw County,14
36093,NY,Schenectady County,14
40107,OK,Okfuskee County,14
17003,IL,Alexander County,14
13251,GA,Screven County,14
28009,MS,Benton County,14
01087,AL,Macon County,14
37079,NC,Greene County,14
18123,IN,Perry County,14
48483,TX,Wheeler County,14
38103,ND,Wells County,14
20079,KS,Harvey County,14
48379,TX,Rains County,14
48217,TX,Hill County,14
48081,TX,Coke County,14
26101,MI,Manistee County,14
45077,SC,Pickens County,14
37191,NC,Wayne County,14
29205,MO,Shelby County,14
26069,MI,Iosco County,14
51033,VA,Caroline County,14
09005,CT,Litchfield County,14
17159,IL,Richland County,14
55091,WI,Pepin County,14
12065,FL,Jefferson County,14
26079,MI,Kalkaska County,14
21211,KY,Shelby County,14
36123,NY,Yates County,14
46041,SD,Dewey County,14
42103,PA,Pike County,14
05095,AR,Monroe County,14
06019,CA,Fresno County,14
26137,MI,Otsego County,14
29173,MO,Ralls County,14
47101,TN,Lewis County,14
47065,TN,Hamilton County,14
29109,MO,Lawrence County,14
18173,IN,Warrick County,14
29223,MO,Wayne County,14
54023,WV,Grant County,14
05021,AR,Clay County,14
36067,NY,Onondaga County,14
18073,IN,Jasper County,14
19007,IA,Appanoose County,14
48165,TX,Gaines County,14
33017,NH,Strafford County,14
28163,MS,Yazoo County,14
18071,IN,Jackson County,14
55017,WI,Chippewa County,14
28053,MS,Humphreys County,14
42039,PA,Crawford County,14
29213,MO,Taney County,14
51770,VA,Roanoke City,14
18113,IN,Noble County,14
23019,ME,Penobscot County,14
13059,GA,Clarke County,14
18085,IN,Kosciusko County,14
31079,NE,Hall County,14
21231,KY,Wayne County,14
18063,IN,Hendricks County,14
51680,VA,Lynchburg City,14
45017,SC,Calhoun County,14
48129,TX,Donley County,14
47009,TN,Blount County,14
18139,IN,Rush County,14
01089,AL,Madison County,14
13313,GA,Whitfield County,14
18141,IN,St. Joseph County,14
36091,NY,Saratoga County,14
18059,IN,Hancock County,14
20177,KS,Shawnee County,14
18047,IN,Franklin County,14
40063,OK,Hughes County,14
21143,KY,Lyon County,14
42127,PA,Wayne County,14
38027,ND,Eddy County,14
48049,TX,Brown County,14
48133,TX,Eastland County,14
05009,AR,Boone County,14
28029,MS,Copiah County,14
45075,SC,Orangeburg County,14
31077,NE,Greeley County,14
29217,MO,Vernon County,14
13165,GA,Jenkins County,14
48209,TX,Hays County,14
48095,TX,Concho County,14
47119,TN,Maury County,14
17161,IL,Rock Island County,14
19093,IA,Ida County,14
48195,TX,Hansford County,14
42105,PA,Potter County,14
38043,ND,Kidder County,14
26003,MI,Alger County,14
29003,MO,Andrew County,14
22075,LA,Plaquemines Parish,14
51069,VA,Frederick County,14
13211,GA,Morgan County,14
12123,FL,Taylor County,14
20039,KS,Decatur County,14
13137,GA,Habersham County,14
51760,VA,Richmond City,14
18011,IN,Boone County,14
33011,NH,Hillsborough County,14
20163,KS,Rooks County,14
38029,ND,Emmons County,14
23031,ME,York County,14
37179,NC,Union County,14
11001,DC,District of Columbia,14
17097,IL,Lake County,14
48221,TX,Hood County,14
08101,CO,Pueblo County,14
47117,TN,Marshall County,14
12085,FL,Martin County,14
51690,VA,Martinsville City,14
55031,WI,Douglas County,14
51093,VA,Isle of Wight County,14
48197,TX,Hardeman County,14
29047,MO,Clay County,14
18023,IN,Clinton County,14
37097,NC,Iredell County,14
20103,KS,Leavenworth County,14
54091,WV,Taylor County,14
29137,MO,Monroe County,14
13135,GA,Gwinnett County,14
54027,WV,Hampshire County,14
17095,IL,Knox County,14
18117,IN,Orange County,14
26055,MI,Grand Traverse County,14
51173,VA,Smyth County,14
55101,WI,Racine County,14
21033,KY,Caldwell County,14
06111,CA,Ventura County,14
31149,NE,Rock County,14
17035,IL,Cumberland County,14
35041,NM,Roosevelt County,14
26041,MI,Delta County,14
17187,IL,Warren County,14
48233,TX,Hutchinson County,14
21003,KY,Allen County,14
37081,NC,Guilford County,14
05055,AR,Greene County,14
20015,KS,Butler County,14
48337,TX,Montague County,14
55119,WI,Taylor County,14
54003,WV,Berkeley County,14
51035,VA,Carroll County,14
45005,SC,Allendale County,14
29037,MO,Cass County,14
18165,IN,Vermillion County,14
13099,GA,Early County,14
48443,TX,Terrell County,14
31131,NE,Otoe County,14
51047,VA,Culpeper County,14
46115,SD,Spink County,14
13311,GA,White County,14
48421,TX,Sherman County,14
13317,GA,Wilkes County,14
13117,GA,Forsyth County,14
26127,MI,Oceana County,14
48373,TX,Polk County,14
13063,GA,Clayton County,14
13035,GA,Butts County,14
18065,IN,Henry County,14
31167,NE,Stanton County,14
20023,KS,Cheyenne County,14
51750,VA,Radford City,14
19085,IA,Harrison County,14
13029,GA,Bryan County,14
45007,SC,Anderson County,14
05041,AR,Desha County,14
26141,MI,Presque Isle County,14
04027,AZ,Yuma County,14
13151,GA,Henry County,14
01003,AL,Baldwin County,14
17123,IL,Marshall County,14
27009,MN,Benton County,14
37181,NC,Vance County,14
54021,WV,Gilmer County,14
05061,AR,Howard County,14
24003,MD,Anne Arundel County,14
19117,IA,Lucas County,14
18015,IN,Carroll County,14
13123,GA,Gilmer County,14
21021,KY,Boyle County,14
19155,IA,Pottawattamie County,14
51045,VA,Craig County,14
31121,NE,Merrick County,14
51037,VA,Charlotte County,14
40043,OK,Dewey County,14
13039,GA,Camden County,14
51660,VA,Harrisonburg City,14
47107,TN,McMinn County,14
01129,AL,Washington County,14
31137,NE,Phelps County,14
19137,IA,Montgomery County,14
13205,GA,Mitchell County,14
37169,NC,Stokes County,14
13067,GA,Cobb County,14
39091,OH,Logan County,14
06073,CA,San Diego County,14
48093,TX,Comanche County,14
18161,IN,Union County,14
05031,AR,Craighead County,14
01041,AL,Crenshaw County,14
18111,IN,Newton County,14
36079,NY,Putnam County,14
18107,IN,Montgomery County,14
29031,MO,Cape Girardeau County,14
51193,VA,Westmoreland County,14
29077,MO,Greene County,14
01077,AL,Lauderdale County,14
01037,AL,Coosa County,14
29159,MO,Pettis County,14
29111,MO,Lewis County,14
40103,OK,Noble County,14
19159,IA,Ringgold County,14
13177,GA,Lee County,14
32003,NV,Clark County,14
47059,TN,Greene County,14
20105,KS,Lincoln County,14
13145,GA,Harris County,14
51057,VA,Essex County,14
13085,GA,Dawson County,14
55035,WI,Eau Claire County,14
29027,MO,Callaway County,14
17019,IL,Champaign County,14
21221,KY,Trigg County,14
44009,RI,Washington County,14
36017,NY,Chenango County,14
17141,IL,Ogle County,14
08073,CO,Lincoln County,14
05123,AR,St. Francis County,14
18135,IN,Randolph County,14
48299,TX,Llano County,14
18183,IN,Whitley County,14
19161,IA,Sac County,14
54067,WV,Nicholas County,14
28057,MS,Itawamba County,14
13221,GA,Oglethorpe County,14
13201,GA,Miller County,14
20075,KS,Hamilton County,14
48105,TX,Crockett County,14
08009,CO,Baca County,14
18055,IN,Greene County,14
46053,SD,Gregory County,14
40085,OK,Love County,14
48309,TX,McLennan County,14
48111,TX,Dallam County,14
48069,TX,Castro County,14
17113,IL,McLean County,14
23025,ME,Somerset County,14
26037,MI,Clinton County,14
24047,MD,Worcester County,14
37027,NC,Caldwell County,14
29017,MO,Bollinger County,14
40143,OK,Tulsa County,14
51650,VA,Hampton City,14
51700,VA,Newport News City,14
55059,WI,Kenosha County,14
55121,WI,Trempealeau County,14
05139,AR,Union County,14
46121,SD,Todd County,13
05013,AR,Calhoun County,13
38035,ND,Grand Forks County,13
13261,GA,Sumter County,13
55103,WI,Richland County,13
17099,IL,LaSalle County,13
46125,SD,Turner County,13
45047,SC,Greenwood County,13
29119,MO,McDonald County,13
51029,VA,Buckingham County,13
55141,WI,Wood County,13
50011,VT,Franklin County,13
13157,GA,Jackson County,13
17143,IL,Peoria County,13
22125,LA,West Feliciana Parish,13
29105,MO,Laclede County,13
20137,KS,Norton County,13
28151,MS,Washington County,13
51099,VA,King George County,13
27089,MN,Marshall County,13
55099,WI,Price County,13
29085,MO,Hickory County,13
40081,OK,Lincoln County,13
38005,ND,Benson County,13
05113,AR,Polk County,13
05039,AR,Dallas County,13
18049,IN,Fulton County,13
45035,SC,Dorchester County,13
19065,IA,Fayette County,13
48035,TX,Bosque County,13
25003,MA,Berkshire County,13
13095,GA,Dougherty County,13
26153,MI,Schoolcraft County,13
12129,FL,Wakulla County,13
29035,MO,Carter County,13
47161,TN,Stewart County,13
55083,WI,Oconto County,13
13051,GA,Chatham County,13
26013,MI,Baraga County,13
19179,IA,Wapello County,13
38065,ND,Oliver County,13
17171,IL,Scott County,13
18125,IN,Pike County,13
17111,IL,McHenry County,13
29131,MO,Miller County,13
51159,VA,Richmond County,13
28157,MS,Wilkinson County,13
28051,MS,Holmes County,13
31019,NE,Buffalo County,13
29229,MO,Wright County,13
48369,TX,Parmer County,13
31175,NE,Valley County,13
13001,GA,Appling County,13
13061,GA,Clay County,13
16047,ID,Gooding County,13
53005,WA,Benton County,13
17109,IL,McDonough County,13
26001,MI,Alcona County,13
51177,VA,Spotsylvania County,13
29203,MO,Shannon County,13
29225,MO,Webster County,13
09013,CT,Tolland County,13
13103,GA,Effingham County,13
54031,WV,Hardy County,13
51043,VA,Clarke County,13
19081,IA,Hancock County,13
28049,MS,Hinds County,13
48149,TX,Fayette County,13
29025,MO,Caldwell County,13
17057,IL,Fulton County,13
05107,AR,Phillips County,13
55135,WI,Waupaca County,13
18087,IN,LaGrange County,13
20011,KS,Bourbon County,13
13281,GA,Towns County,13
47155,TN,Sevier County,13
29171,MO,Putnam County,13
29065,MO,Dent County,13
05045,AR,Faulkner County,13
04015,AZ,Mohave County,13
18147,IN,Spencer County,13
05121,AR,Randolph County,13
38001,ND,Adams County,13
45019,SC,Charleston County,13
13037,GA,Calhoun County,13
35015,NM,Eddy County,13
48413,TX,Schleicher County,13
26053,MI,Gogebic County,13
08025,CO,Crowley County,13
28121,MS,Rankin County,13
42119,PA,Union County,13
23011,ME,Kennebec County,13
48447,TX,Throckmorton County,13
37129,NC,New Hanover County,13
18037,IN,Dubois County,13
31057,NE,Dundy County,13
42115,PA,Susquehanna County,13
20175,KS,Seward County,13
19067,IA,Floyd County,13
55051,WI,Iron County,13
40041,OK,Delaware County,13
20147,KS,Phillips County,13
17125,IL,Mason County,13
17155,IL,Putnam County,13
13171,GA,Lamar County,13
51610,VA,Falls Church City,13
17185,IL,Wabash County,13
39063,OH,Hancock County,13
29145,MO,Newton County,13
29079,MO,Grundy County,13
46137,SD,Ziebach County,13
51191,VA,Washington County,13
17203,IL,Woodford County,13
51097,VA,King and Queen County,13
01025,AL,Clarke County,13
51087,VA,Henrico County,13
06007,CA,Butte County,13
26083,MI,Keweenaw County,13
40147,OK,Washington County,13
55039,WI,Fond du Lac County,13
20091,KS,Johnson County,13
42015,PA,Bradford County,13
05003,AR,Ashley County,13
06015,CA,Del Norte County,13
38049,ND,McHenry County,13
48045,TX,Briscoe County,13
44005,RI,Newport County,13
21209,KY,Scott County,13
51165,VA,Rockingham County,13
28061,MS,Jasper County,13
13033,GA,Burke County,13
51640,VA,Galax City,13
45051,SC,Horry County,13
13247,GA,Rockdale County,13
53015,WA,Cowlitz County,13
40105,OK,Nowata County,13
21097,KY,Harrison County,13
27169,MN,Winona County,13
36053,NY,Madison County,13
28145,MS,Union County,13
37161,NC,Rutherford County,13
55133,WI,Waukesha County,13
23029,ME,Washington County,13
51171,VA,Shenandoah County,13
40017,OK,Canadian County,13
31127,NE,Nemaha County,13
51007,VA,Amelia County,13
19171,IA,Tama County,13
51515,VA,Bedford City,13
48463,TX,Uvalde County,13
05027,AR,Columbia County,13
13243,GA,Randolph County,13
20121,KS,Miami County,13
31117,NE,McPherson County,13
20173,KS,Sedgwick County,13
20189,KS,Stevens County,13
25015,MA,Hampshire County,13
45043,SC,Georgetown County,13
48143,TX,Erath County,13
46003,SD,Aurora County,13
26161,MI,Washtenaw County,13
45027,SC,Clarendon County,13
54065,WV,Morgan County,13
28095,MS,Monroe County,13
19015,IA,Boone County,13
28089,MS,Madison County,13
42113,PA,Sullivan County,13
17023,IL,Clark County,13
17059,IL,Gallatin County,13
13089,GA,DeKalb County,13
51683,VA,Manassas City,13
29029,MO,Camden County,13
40131,OK,Rogers County,13
38085,ND,Sioux County,13
19127,IA,Marshall County,13
26009,MI,Antrim County,13
31089,NE,Holt County,13
23013,ME,Knox County,13
21035,KY,Calloway County,13
29063,MO,DeKalb County,13
20009,KS,Barton County,13
28013,MS,Calhoun County,13
48019,TX,Bandera County,13
46059,SD,Hand County,13
44001,RI,Bristol County,13
47091,TN,Johnson County,13
29101,MO,Johnson County,13
19011,IA,Benton County,13
17169,IL,Schuyler County,13
17135,IL,Montgomery County,13
46023,SD,Charles Mix County,13
45049,SC,Hampton County,13
51179,VA,Stafford County,13
37015,NC,Bertie County,13
29153,MO,Ozark County,13
17017,IL,Cass County,13
31059,NE,Fillmore County,13
38059,ND,Morton County,13
05099,AR,Nevada County,13
34019,NJ,Hunterdon County,13
31087,NE,Hitchcock County,13
29121,MO,Macon County,13
23005,ME,Cumberland County,13
37049,NC,Craven County,13
39005,OH,Ashland County,13
05127,AR,Scott County,13
37147,NC,Pitt County,13
55015,WI,Calumet County,13
45079,SC,Richland County,13
48079,TX,Cochran County,13
17131,IL,Mercer County,13
48329,TX,Midland County,13
29165,MO,Platte County,13
47105,TN,Loudon County,13
29107,MO,Lafayette County,13
26043,MI,Dickinson County,13
01081,AL,Lee County,13
48385,TX,Real County,13
31145,NE,Red Willow County,13
16069,ID,Nez Perce County,13
31133,NE,Pawnee County,13
55041,WI,Forest County,13
05037,AR,Cross County,13
17027,IL,Clinton County,13
21239,KY,Woodford County,13
29039,MO,Cedar County,13
51085,VA,Hanover County,13
29081,MO,Harrison County,13
06067,CA,Sacramento County,13
24023,MD,Garrett County,13
48091,TX,Comal County,13
19193,IA,Woodbury County,13
33015,NH,Rockingham County,13
38089,ND,Stark County,13
38037,ND,Grant County,13
51510,VA,Alexandria City,13
37073,NC,Gates County,13
51077,VA,Grayson County,13
54071,WV,Pendleton County,13
13147,GA,Hart County,13
16083,ID,Twin Falls County,13
55097,WI,Portage County,13
45023,SC,Chester County,13
48437,TX,Swisher County,13
31091,NE,Hooker County,13
48411,TX,San Saba County,13
17093,IL,Kendall County,13
05143,AR,Washington County,13
37139,NC,Pasquotank County,13
47103,TN,Lincoln County,13
18129,IN,Posey County,13
25001,MA,Barnstable County,13
17129,IL,Menard County,13
48491,TX,Williamson County,13
40037,OK,Creek County,13
24041,MD,Talbot County,13
20005,KS,Atchison County,13
37035,NC,Catawba County,13
51143,VA,Pittsylvania County,13
45011,SC,Barnwell County,13
26047,MI,Emmet County,13
17175,IL,Stark County,13
20169,KS,Saline County,13
38081,ND,Sargent County,13
38003,ND,Barnes County,13
35007,NM,Colfax County,13
26097,MI,Mackinac County,13
06075,CA,San Francisco County,13
13219,GA,Oconee County,13
26113,MI,Missaukee County,13
01109,AL,Pike County,13
37039,NC,Cherokee County,13
27073,MN,Lac qui Parle County,13
05005,AR,Baxter County,13
32023,NV,Nye County,13
35013,NM,Doa Ana County,13
45037,SC,Edgefield County,13
39107,OH,Mercer County,13
17073,IL,Henry County,13
48253,TX,Jones County,13
33005,NH,Cheshire County,13
19023,IA,Butler County,13
55037,WI,Florence County,13
48477,TX,Washington County,13
45053,SC,Jasper County,13
40153,OK,Woodward County,13
23021,ME,Piscataquis County,13
48265,TX,Kerr County,12
29019,MO,Boone County,12
37031,NC,Carteret County,12
31155,NE,Saunders County,12
27099,MN,Mower County,12
37125,NC,Moore County,12
55001,WI,Adams County,12
55055,WI,Jefferson County,12
37067,NC,Forsyth County,12
37177,NC,Tyrrell County,12
37063,NC,Durham County,12
37059,NC,Davie County,12
08099,CO,Prowers County,12
28087,MS,Lowndes County,12
05109,AR,Pike County,12
06033,CA,Lake County,12
45089,SC,Williamsburg County,12
23009,ME,Hancock County,12
18151,IN,Steuben County,12
05065,AR,Izard County,12
55005,WI,Barron County,12
51101,VA,King William County,12
48053,TX,Burnet County,12
29053,MO,Cooper County,12
04013,AZ,Maricopa County,12
27027,MN,Clay County,12
31037,NE,Colfax County,12
30003,MT,Big Horn County,12
46129,SD,Walworth County,12
55078,WI,Menominee County,12
38069,ND,Pierce County,12
28127,MS,Simpson County,12
31029,NE,Chase County,12
27011,MN,Big Stone County,12
20007,KS,Barber County,12
38053,ND,McKenzie County,12
48275,TX,Knox County,12
54075,WV,Pocahontas County,12
36107,NY,Tioga County,12
04007,AZ,Gila County,12
06001,CA,Alameda County,12
13255,GA,Spalding County,12
27069,MN,Kittson County,12
19105,IA,Jones County,12
48333,TX,Mills County,12
13239,GA,Quitman County,12
55063,WI,La Crosse County,12
42117,PA,Tioga County,12
37111,NC,McDowell County,12
54093,WV,Tucker County,12
13121,GA,Fulton County,12
51530,VA,Buena Vista City,12
37087,NC,Haywood County,12
13275,GA,Thomas County,12
05115,AR,Pope County,12
51009,VA,Amherst County,12
17015,IL,Carroll County,12
28081,MS,Lee County,12
17177,IL,Stephenson County,12
20107,KS,Linn County,12
37029,NC,Camden County,12
19187,IA,Webster County,12
38071,ND,Ramsey County,12
47079,TN,Henry County,12
36031,NY,Essex County,12
08017,CO,Cheyenne County,12
24031,MD,Montgomery County,12
13191,GA,McIntosh County,12
53003,WA,Asotin County,12
54037,WV,Jefferson County,12
36095,NY,Schoharie County,12
46083,SD,Lincoln County,12
29129,MO,Mercer County,12
13245,GA,Richmond County,12
54017,WV,Doddridge County,12
20151,KS,Pratt County,12
13077,GA,Coweta County,12
31067,NE,Gage County,12
13227,GA,Pickens County,12
55053,WI,Jackson County,12
46095,SD,Mellette County,12
05083,AR,Logan County,12
17011,IL,Bureau County,12
48101,TX,Cottle County,12
26103,MI,Marquette County,12
28153,MS,Wayne County,12
19153,IA,Polk County,12
29043,MO,Christian County,12
08001,CO,Adams County,12
51015,VA,Augusta County,12
51153,VA,Prince William County,12
55009,WI,Brown County,12
38079,ND,Rolette County,12
28155,MS,Webster County,12
31001,NE,Adams County,12
13231,GA,Pike County,12
38099,ND,Walsh County,12
51181,VA,Surry County,12
51540,VA,Charlottesville City,12
20043,KS,Doniphan County,12
17047,IL,Edwards County,12
38051,ND,McIntosh County,12
29141,MO,Morgan County,12
51079,VA,Greene County,12
51065,VA,Fluvanna County,12
13131,GA,Grady County,12
41071,OR,Yamhill County,12
54097,WV,Upshur County,12
51041,VA,Chesterfield County,12
53001,WA,Adams County,12
51061,VA,Fauquier County,12
31109,NE,Lancaster County,12
20073,KS,Greenwood County,12
49045,UT,Tooele County,12
37009,NC,Ashe County,12
46025,SD,Clark County,12
18057,IN,Hamilton County,12
48327,TX,Menard County,12
20087,KS,Jefferson County,12
17065,IL,Hamilton County,12
29147,MO,Nodaway County,12
19169,IA,Story County,12
55131,WI,Washington County,12
48191,TX,Hall County,12
13241,GA,Rabun County,12
31147,NE,Richardson County,12
46005,SD,Beadle County,12
05047,AR,Franklin County,12
33013,NH,Merrimack County,12
19163,IA,Scott County,12
31013,NE,Box Butte County,12
38041,ND,Hettinger County,12
05129,AR,Searcy County,12
53013,WA,Columbia County,12
05017,AR,Chicot County,12
06053,CA,Monterey County,12
55061,WI,Kewaunee County,12
08095,CO,Phillips County,12
19097,IA,Jackson County,12
25011,MA,Franklin County,12
29135,MO,Moniteau County,12
55057,WI,Juneau County,12
05023,AR,Cleburne County,12
53053,WA,Pierce County,12
45003,SC,Aiken County,12
05001,AR,Arkansas County,12
19111,IA,Lee County,12
53075,WA,Whitman County,12
19003,IA,Adams County,12
06013,CA,Contra Costa County,12
20093,KS,Kearny County,12
38061,ND,Mountrail County,12
51775,VA,Salem City,12
38031,ND,Foster County,12
38011,ND,Bowman County,12
46027,SD,Clay County,12
37183,NC,Wake County,12
39075,OH,Holmes County,12
13207,GA,Monroe County,12
20077,KS,Harper County,12
51095,VA,James City County,12
20155,KS,Reno County,12
51017,VA,Bath County,12
51049,VA,Cumberland County,12
37121,NC,Mitchell County,12
08075,CO,Logan County,12
36077,NY,Otsego County,12
05051,AR,Garland County,12
48259,TX,Kendall County,12
31107,NE,Knox County,12
50021,VT,Rutland County,12
31043,NE,Dakota County,12
38015,ND,Burleigh County,12
05097,AR,Montgomery County,12
18159,IN,Tipton County,12
29061,MO,Daviess County,12
35029,NM,Luna County,12
48117,TX,Deaf Smith County,12
51001,VA,Accomack County,12
19083,IA,Hardin County,12
04021,AZ,Pinal County,12
53027,WA,Grays Harbor County,12
51011,VA,Appomattox County,12
16027,ID,Canyon County,12
31183,NE,Wheeler County,12
19037,IA,Chickasaw County,12
51031,VA,Campbell County,12
13291,GA,Union County,12
13293,GA,Upson County,12
19025,IA,Calhoun County,12
19181,IA,Warren County,12
28071,MS,Lafayette County,12
40151,OK,Woods County,12
55045,WI,Green County,12
55085,WI,Oneida County,12
19091,IA,Humboldt County,12
51830,VA,Williamsburg City,12
17067,IL,Hancock County,12
31047,NE,Dawson County,12
13127,GA,Glynn County,12
19125,IA,Marion County,12
17009,IL,Brown County,12
46105,SD,Perkins County,12
20001,KS,Allen County,12
51113,VA,Madison County,12
20139,KS,Osage County,12
30035,MT,Glacier County,12
18105,IN,Monroe County,12
20053,KS,Ellsworth County,12
19113,IA,Linn County,12
31055,NE,Douglas County,12
55011,WI,Buffalo County,12
20013,KS,Brown County,12
48501,TX,Yoakum County,12
29209,MO,Stone County,12
18119,IN,Owen County,12
51131,VA,Northampton County,12
31053,NE,Dodge County,12
13073,GA,Columbia County,12
31143,NE,Polk County,12
38045,ND,LaMoure County,12
30023,MT,Deer Lodge County,12
08031,CO,Denver County,12
37075,NC,Graham County,12
13273,GA,Terrell County,12
05141,AR,Van Buren County,12
51161,VA,Roanoke County,12
46031,SD,Corson County,12
31151,NE,Saline County,12
55105,WI,Rock County,12
31185,NE,York County,12
20067,KS,Grant County,12
27013,MN,Blue Earth County,12
51073,VA,Gloucester County,12
19033,IA,Cerro Gordo County,12
27119,MN,Polk County,12
20185,KS,Stafford County,12
53077,WA,Yakima County,12
13181,GA,Lincoln County,12
48083,TX,Coleman County,12
51145,VA,Powhatan County,12
45001,SC,Abbeville County,12
20129,KS,Morton County,12
24035,MD,Queen Anne's County,12
20203,KS,Wichita County,12
55127,WI,Walworth County,12
38017,ND,Cass County,12
31139,NE,Pierce County,12
29067,MO,Douglas County,12
20193,KS,Thomas County,12
40071,OK,Kay County,12
20117,KS,Marshall County,12
53049,WA,Pacific County,12
20061,KS,Geary County,12
19195,IA,Worth County,12
31113,NE,Logan County,12
31027,NE,Cedar County,12
05019,AR,Clark County,12
18013,IN,Brown County,12
31169,NE,Thayer County,12
37119,NC,Mecklenburg County,12
37173,NC,Swain County,11
31025,NE,Cass County,11
06089,CA,Shasta County,11
31005,NE,Arthur County,11
48377,TX,Presidio County,11
20201,KS,Washington County,11
51127,VA,New Kent County,11
53071,WA,Walla Walla County,11
19129,IA,Mills County,11
06021,CA,Glenn County,11
30013,MT,Cascade County,11
46127,SD,Union County,11
45063,SC,Lexington County,11
23017,ME,Oxford County,11
29087,MO,Holt County,11
24027,MD,Howard County,11
51107,VA,Loudoun County,11
51089,VA,Henry County,11
45081,SC,Saluda County,11
31017,NE,Brown County,11
38067,ND,Pembina County,11
53063,WA,Spokane County,11
06097,CA,Sonoma County,11
47187,TN,Williamson County,11
19021,IA,Buena Vista County,11
19165,IA,Shelby County,11
51036,VA,Charles City County,11
33007,NH,Coos County,11
17033,IL,Crawford County,11
53021,WA,Franklin County,11
29009,MO,Barry County,11
48357,TX,Ochiltree County,11
50003,VT,Bennington County,11
48015,TX,Austin County,11
55089,WI,Ozaukee County,11
16005,ID,Bannock County,11
35047,NM,San Miguel County,11
17071,IL,Henderson County,11
53011,WA,Clark County,11
20153,KS,Rawlins County,11
46035,SD,Davison County,11
20181,KS,Sherman County,11
37187,NC,Washington County,11
27047,MN,Freeborn County,11
30019,MT,Daniels County,11
19139,IA,Muscatine County,11
20045,KS,Douglas County,11
55027,WI,Dodge County,11
55095,WI,Polk County,11
37053,NC,Currituck County,11
54013,WV,Calhoun County,11
06043,CA,Mariposa County,11
08005,CO,Arapahoe County,11
06017,CA,El Dorado County,11
30015,MT,Chouteau County,11
30047,MT,Lake County,11
51063,VA,Floyd County,11
06109,CA,Tuolumne County,11
51137,VA,Orange County,11
20133,KS,Neosho County,11
46087,SD,McCook County,11
48319,TX,Mason County,11
37005,NC,Alleghany County,11
31153,NE,Sarpy County,11
38055,ND,McLean County,11
19049,IA,Dallas County,11
20149,KS,Pottawatomie County,11
46021,SD,Campbell County,11
51141,VA,Patrick County,11
20161,KS,Riley County,11
35006,NM,Cibola County,11
35045,NM,San Juan County,11
38097,ND,Traill County,11
51125,VA,Nelson County,11
31063,NE,Frontier County,11
05101,AR,Newton County,11
06083,CA,Santa Barbara County,11
27083,MN,Lyon County,11
55087,WI,Outagamie County,11
26089,MI,Leelanau County,11
06011,CA,Colusa County,11
05089,AR,Marion County,11
19147,IA,Palo Alto County,11
19075,IA,Grundy County,11
51003,VA,Albemarle County,11
53041,WA,Lewis County,11
37115,NC,Madison County,11
05087,AR,Madison County,11
27113,MN,Pennington County,11
37043,NC,Clay County,11
51119,VA,Middlesex County,11
27059,MN,Isanti County,11
20003,KS,Anderson County,11
55003,WI,Ashland County,11
37019,NC,Brunswick County,11
20159,KS,Rice County,11
08123,CO,Weld County,11
19019,IA,Buchanan County,11
27003,MN,Anoka County,11
37011,NC,Avery County,11
29033,MO,Carroll County,11
31041,NE,Custer County,11
06095,CA,Solano County,11
51121,VA,Montgomery County,11
08041,CO,El Paso County,11
27045,MN,Fillmore County,11
40139,OK,Texas County,11
20017,KS,Chase County,11
51109,VA,Louisa County,11
55081,WI,Monroe County,11
19073,IA,Greene County,11
26019,MI,Benzie County,11
20085,KS,Jackson County,11
27141,MN,Sherburne County,11
45091,SC,York County,11
13087,GA,Decatur County,11
04012,AZ,La Paz County,11
08059,CO,Jefferson County,11
23015,ME,Lincoln County,11
20055,KS,Finney County,11
46077,SD,Kingsbury County,11
29057,MO,Dade County,11
05029,AR,Conway County,11
46037,SD,Day County,11
31179,NE,Wayne County,11
05105,AR,Perry County,11
46009,SD,Bon Homme County,11
27105,MN,Nobles County,11
08043,CO,Fremont County,11
35011,NM,De Baca County,11
37041,NC,Chowan County,11
30073,MT,Pondera County,11
30017,MT,Custer County,11
06061,CA,Placer County,11
19095,IA,Iowa County,11
48393,TX,Roberts County,11
27085,MN,McLeod County,11
27091,MN,Martin County,11
51067,VA,Franklin County,11
16087,ID,Washington County,11
08087,CO,Morgan County,11
37143,NC,Perquimans County,11
20191,KS,Sumner County,11
20031,KS,Coffey County,11
28105,MS,Oktibbeha County,11
41019,OR,Douglas County,11
16053,ID,Jerome County,11
27173,MN,Yellow Medicine County,11
27051,MN,Grant County,11
49057,UT,Weber County,11
19107,IA,Keokuk County,11
46091,SD,Marshall County,11
05015,AR,Carroll County,11
55109,WI,St. Croix County,11
31097,NE,Johnson County,11
08061,CO,Kiowa County,11
55125,WI,Vilas County,11
35037,NM,Quay County,11
27015,MN,Brown County,11
37021,NC,Buncombe County,11
20187,KS,Stanton County,11
26131,MI,Ontonagon County,11
04003,AZ,Cochise County,11
38025,ND,Dunn County,11
06103,CA,Tehama County,11
46007,SD,Bennett County,11
37199,NC,Yancey County,11
19031,IA,Cedar County,11
23007,ME,Franklin County,11
38077,ND,Richland County,11
27133,MN,Rock County,11
55065,WI,Lafayette County,11
27125,MN,Red Lake County,11
19035,IA,Cherokee County,11
27145,MN,Stearns County,11
19109,IA,Kossuth County,11
53073,WA,Whatcom County,11
27121,MN,Pope County,11
19017,IA,Bremer County,11
20047,KS,Edwards County,11
49049,UT,Utah County,11
27041,MN,Douglas County,11
13133,GA,Greene County,11
55033,WI,Dunn County,11
30083,MT,Richland County,11
06009,CA,Calaveras County,11
46055,SD,Haakon County,11
55137,WI,Waushara County,11
48359,TX,Oldham County,11
55029,WI,Door County,11
41009,OR,Columbia County,11
48075,TX,Childress County,11
51157,VA,Rappahannock County,11
30111,MT,Yellowstone County,11
19055,IA,Delaware County,10
31035,NE,Clay County,10
19151,IA,Pocahontas County,10
38019,ND,Cavalier County,10
27155,MN,Traverse County,10
46107,SD,Potter County,10
27171,MN,Wright County,10
13113,GA,Fayette County,10
27137,MN,St. Louis County,10
37113,NC,Macon County,10
29005,MO,Atchison County,10
27123,MN,Ramsey County,10
02170,AK,Matanuska-Susitna Borough,10
46097,SD,Miner County,10
19057,IA,Des Moines County,10
25007,MA,Dukes County,10
40007,OK,Beaver County,10
55117,WI,Sheboygan County,10
27167,MN,Wilkin County,10
41011,OR,Coos County,10
06113,CA,Yolo County,10
27037,MN,Dakota County,10
19027,IA,Carroll County,10
41007,OR,Clatsop County,10
49035,UT,Salt Lake County,10
51023,VA,Botetourt County,10
27139,MN,Scott County,10
32510,NV,Carson City,10
02220,AK,Sitka City and Borough,10
46103,SD,Pennington County,10
27153,MN,Todd County,10
46109,SD,Roberts County,10
38093,ND,Stutsman County,10
16031,ID,Cassia County,10
48031,TX,Blanco County,10
48171,TX,Gillespie County,10
06035,CA,Lassen County,10
41045,OR,Malheur County,10
50023,VT,Washington County,10
16063,ID,Lincoln County,10
35051,NM,Sierra County,10
46099,SD,Minnehaha County,10
19149,IA,Plymouth County,10
27005,MN,Becker County,10
55113,WI,Sawyer County,10
27053,MN,Hennepin County,10
32001,NV,Churchill County,10
06085,CA,Santa Clara County,10
46069,SD,Hyde County,10
16039,ID,Elmore County,10
33001,NH,Belknap County,10
27029,MN,Clearwater County,10
53025,WA,Grant County,10
27025,MN,Chisago County,10
16019,ID,Bonneville County,10
51013,VA,Arlington County,10
31015,NE,Boyd County,10
38009,ND,Bottineau County,10
46135,SD,Yankton County,10
37095,NC,Hyde County,10
53023,WA,Garfield County,10
20111,KS,Lyon County,10
06069,CA,San Benito County,10
29089,MO,Howard County,10
27035,MN,Crow Wing County,10
50019,VT,Orleans County,10
35053,NM,Socorro County,10
41059,OR,Umatilla County,10
15001,HI,Hawaii County,10
20113,KS,McPherson County,10
08055,CO,Huerfano County,10
06091,CA,Sierra County,10
27075,MN,Lake County,10
27147,MN,Steele County,10
35031,NM,McKinley County,10
46111,SD,Sanborn County,10
51163,VA,Rockbridge County,10
53035,WA,Kitsap County,10
20115,KS,Marion County,10
51600,VA,Fairfax City,10
35061,NM,Valencia County,10
16073,ID,Owyhee County,10
15003,HI,Honolulu County,10
56021,WY,Laramie County,10
05071,AR,Johnson County,10
27095,MN,Mille Lacs County,10
26029,MI,Charlevoix County,10
27111,MN,Otter Tail County,10
37037,NC,Chatham County,10
31069,NE,Garden County,10
56025,WY,Natrona County,10
55047,WI,Green Lake County,10
55093,WI,Pierce County,10
04019,AZ,Pima County,10
40059,OK,Harper County,10
53061,WA,Snohomish County,10
51059,VA,Fairfax County,10
51199,VA,York County,10
51735,VA,Poquoson City,10
19051,IA,Davis County,10
15009,HI,Maui County,10
19191,IA,Winneshiek County,10
20035,KS,Cowley County,10
30093,MT,Silver Bow County,10
16011,ID,Bingham County,10
19063,IA,Emmet County,10
37013,NC,Beaufort County,10
16055,ID,Kootenai County,10
37089,NC,Henderson County,10
27143,MN,Sibley County,10
46015,SD,Brule County,10
38039,ND,Griggs County,10
37189,NC,Watauga County,10
30041,MT,Hill County,10
06087,CA,Santa Cruz County,10
37099,NC,Jackson County,10
20131,KS,Nemaha County,10
16001,ID,Ada County,10
51019,VA,Bedford County,10
30101,MT,Toole County,10
20127,KS,Morris County,10
48109,TX,Culberson County,10
31051,NE,Dixon County,10
51115,VA,Mathews County,10
06081,CA,San Mateo County,10
27001,MN,Aitkin County,10
41029,OR,Jackson County,10
19189,IA,Winnebago County,10
29227,MO,Worth County,10
46085,SD,Lyman County,10
28159,MS,Winston County,10
27065,MN,Kanabec County,10
19175,IA,Union County,10
48229,TX,Hudspeth County,10
31031,NE,Cherry County,10
28025,MS,Clay County,10
41043,OR,Linn County,10
46123,SD,Tripp County,10
16051,ID,Jefferson County,10
19069,IA,Franklin County,10
19099,IA,Jasper County,10
53067,WA,Thurston County,10
27103,MN,Nicollet County,10
16009,ID,Benewah County,10
19001,IA,Adair County,10
27101,MN,Murray County,10
30025,MT,Fallon County,10
31021,NE,Burt County,10
28019,MS,Choctaw County,10
30055,MT,McCone County,10
32007,NV,Elko County,10
27043,MN,Faribault County,10
51075,VA,Goochland County,10
06003,CA,Alpine County,10
37135,NC,Orange County,10
53017,WA,Douglas County,10
20029,KS,Cloud County,10
41033,OR,Josephine County,10
08071,CO,Las Animas County,10
04025,AZ,Yavapai County,10
35001,NM,Bernalillo County,10
31177,NE,Washington County,10
46063,SD,Harding County,10
38091,ND,Steele County,10
19089,IA,Howard County,10
30051,MT,Liberty County,10
23023,ME,Sagadahoc County,10
56017,WY,Hot Springs County,10
27063,MN,Jackson County,10
49053,UT,Washington County,10
53043,WA,Lincoln County,10
19183,IA,Washington County,10
16075,ID,Payette County,10
55111,WI,Sauk County,10
20197,KS,Wabaunsee County,10
27149,MN,Stevens County,10
49041,UT,Sevier County,10
41051,OR,Multnomah County,10
31023,NE,Butler County,10
16065,ID,Madison County,10
31171,NE,Thomas County,9
31141,NE,Platte County,9
55129,WI,Washburn County,9
51678,VA,Lexington City,9
56005,WY,Campbell County,9
19173,IA,Taylor County,9
19077,IA,Guthrie County,9
06023,CA,Humboldt County,9
40025,OK,Cimarron County,9
19119,IA,Lyon County,9
41035,OR,Klamath County,9
41047,OR,Marion County,9
38057,ND,Mercer County,9
46101,SD,Moody County,9
50007,VT,Chittenden County,9
49017,UT,Garfield County,9
23027,ME,Waldo County,9
19115,IA,Louisa County,9
53033,WA,King County,9
20041,KS,Dickinson County,9
06041,CA,Marin County,9
55123,WI,Vernon County,9
32021,NV,Mineral County,9
08035,CO,Douglas County,9
55043,WI,Grant County,9
30033,MT,Garfield County,9
46057,SD,Hamlin County,9
19087,IA,Henry County,9
20097,KS,Kiowa County,9
16067,ID,Minidoka County,9
49007,UT,Carbon County,9
48295,TX,Lipscomb County,9
27127,MN,Redwood County,9
37137,NC,Pamlico County,9
12087,FL,Monroe County,9
46073,SD,Jerauld County,9
19141,IA,O'Brien County,9
35019,NM,Guadalupe County,9
27131,MN,Rice County,9
33003,NH,Carroll County,9
53069,WA,Wahkiakum County,9
27079,MN,Le Sueur County,9
49011,UT,Davis County,9
35059,NM,Union County,9
38047,ND,Logan County,9
27151,MN,Swift County,9
27021,MN,Cass County,9
41067,OR,Washington County,9
49023,UT,Juab County,9
50001,VT,Addison County,9
27055,MN,Houston County,9
55077,WI,Marquette County,9
55025,WI,Dane County,9
40045,OK,Ellis County,9
19009,IA,Audubon County,9
27039,MN,Dodge County,9
50013,VT,Grand Isle County,9
06027,CA,Inyo County,9
27077,MN,Lake of the Woods County,9
53045,WA,Mason County,9
35039,NM,Rio Arriba County,9
33019,NH,Sullivan County,9
53065,WA,Stevens County,9
27163,MN,Washington County,9
20183,KS,Smith County,9
27093,MN,Meeker County,9
13307,GA,Webster County,9
45065,SC,McCormick County,9
16071,ID,Oneida County,9
41005,OR,Clackamas County,9
37055,NC,Dare County,9
27129,MN,Renville County,9
16035,ID,Clearwater County,9
46065,SD,Hughes County,9
06105,CA,Trinity County,9
27061,MN,Itasca County,9
30049,MT,Lewis and Clark County,9
30077,MT,Powell County,9
38033,ND,Golden Valley County,9
16043,ID,Fremont County,9
41055,OR,Sherman County,9
27157,MN,Wabasha County,9
19005,IA,Allamakee County,9
19135,IA,Monroe County,9
06005,CA,Amador County,9
06057,CA,Nevada County,9
33009,NH,Grafton County,9
27049,MN,Goodhue County,9
27161,MN,Waseca County,9
38023,ND,Divide County,9
19131,IA,Mitchell County,9
27117,MN,Pipestone County,9
31071,NE,Garfield County,9
48267,TX,Kimble County,9
30085,MT,Roosevelt County,9
20089,KS,Jewell County,9
08069,CO,Larimer County,9
32027,NV,Pershing County,9
27057,MN,Hubbard County,9
16059,ID,Lemhi County,9
36041,NY,Hamilton County,9
31039,NE,Cuming County,9
53057,WA,Skagit County,9
55007,WI,Bayfield County,9
19043,IA,Clayton County,9
04017,AZ,Navajo County,9
37149,NC,Polk County,9
32031,NV,Washoe County,9
46011,SD,Brookings County,9
56041,WY,Uinta County,9
08121,CO,Washington County,9
48043,TX,Brewster County,9
48243,TX,Jeff Davis County,9
19123,IA,Mahaska County,9
41015,OR,Curry County,9
16025,ID,Camas County,9
27115,MN,Pine County,9
45013,SC,Beaufort County,9
48211,TX,Hemphill County,9
41021,OR,Gilliam County,9
06063,CA,Plumas County,9
27071,MN,Koochiching County,9
31081,NE,Hamilton County,9
35023,NM,Hidalgo County,9
27159,MN,Wadena County,9
38105,ND,Williams County,9
51133,VA,Northumberland County,9
51091,VA,Highland County,9
08014,CO,Broomfield County,9
06045,CA,Mendocino County,9
15007,HI,Kauai County,9
41053,OR,Polk County,9
27017,MN,Carlton County,9
19121,IA,Madison County,9
30063,MT,Missoula County,9
35043,NM,Sandoval County,9
08013,CO,Boulder County,9
46043,SD,Douglas County,9
08039,CO,Elbert County,9
27067,MN,Kandiyohi County,9
32019,NV,Lyon County,9
50017,VT,Orange County,9
19047,IA,Crawford County,9
25019,MA,Nantucket County,8
08057,CO,Jackson County,8
41057,OR,Tillamook County,8
30005,MT,Blaine County,8
16045,ID,Gem County,8
31157,NE,Scotts Bluff County,8
20033,KS,Comanche County,8
50025,VT,Windham County,8
20069,KS,Gray County,8
06079,CA,San Luis Obispo County,8
35057,NM,Torrance County,8
41065,OR,Wasco County,8
41039,OR,Lane County,8
50027,VT,Windsor County,8
53007,WA,Chelan County,8
55049,WI,Iowa County,8
08033,CO,Dolores County,8
55021,WI,Columbia County,8
16023,ID,Butte County,8
19061,IA,Dubuque County,8
49021,UT,Iron County,8
27019,MN,Carver County,8
19041,IA,Clay County,8
19039,IA,Clarke County,8
27135,MN,Roseau County,8
08105,CO,Rio Grande County,8
55023,WI,Crawford County,8
30099,MT,Teton County,8
30053,MT,Lincoln County,8
04009,AZ,Graham County,8
31159,NE,Seward County,8
19103,IA,Johnson County,8
02020,AK,Anchorage Municipality,8
30039,MT,Granite County,8
08125,CO,Yuma County,8
32005,NV,Douglas County,8
38083,ND,Sheridan County,8
27109,MN,Olmsted County,8
08003,CO,Alamosa County,8
35033,NM,Mora County,8
49051,UT,Wasatch County,8
38013,ND,Burke County,8
55013,WI,Burnett County,8
49015,UT,Emery County,8
49029,UT,Morgan County,8
19177,IA,Van Buren County,8
27081,MN,Lincoln County,8
30027,MT,Fergus County,8
49003,UT,Box Elder County,8
56009,WY,Converse County,8
49031,UT,Piute County,8
08021,CO,Conejos County,8
06093,CA,Siskiyou County,8
56037,WY,Sweetwater County,8
08063,CO,Kit Carson County,8
46081,SD,Lawrence County,8
31033,NE,Cheyenne County,8
31095,NE,Jefferson County,8
31101,NE,Keith County,8
16077,ID,Power County,8
16007,ID,Bear Lake County,8
19029,IA,Cass County,8
46033,SD,Custer County,8
56001,WY,Albany County,8
41017,OR,Deschutes County,8
41003,OR,Benton County,8
56027,WY,Niobrara County,8
06049,CA,Modoc County,8
30065,MT,Musselshell County,8
56031,WY,Platte County,8
41013,OR,Crook County,8
41041,OR,Lincoln County,8
31123,NE,Morrill County,8
49005,UT,Cache County,8
27033,MN,Cottonwood County,8
27165,MN,Watonwan County,8
46075,SD,Jones County,8
19101,IA,Jefferson County,8
30021,MT,Dawson County,8
32033,NV,White Pine County,8
04005,AZ,Coconino County,8
02150,AK,Kodiak Island Borough,8
51103,VA,Lancaster County,8
30007,MT,Broadwater County,8
41063,OR,Wallowa County,8
31105,NE,Kimball County,8
19167,IA,Sioux County,8
53029,WA,Island County,8
08045,CO,Garfield County,8
20123,KS,Mitchell County,8
53051,WA,Pend Oreille County,8
32015,NV,Lander County,8
35028,NM,Los Alamos County,8
36109,NY,Tompkins County,8
37175,NC,Transylvania County,8
20143,KS,Ottawa County,8
46047,SD,Fall River County,8
35017,NM,Grant County,8
46067,SD,Hutchinson County,8
32011,NV,Eureka County,8
30059,MT,Meagher County,8
35027,NM,Lincoln County,8
50009,VT,Essex County,8
19157,IA,Poweshiek County,8
30061,MT,Mineral County,8
30045,MT,Judith Basin County,8
46051,SD,Grant County,8
46093,SD,Meade County,7
41061,OR,Union County,7
49039,UT,Sanpete County,7
31161,NE,Sheridan County,7
27023,MN,Chippewa County,7
16085,ID,Valley County,7
02090,AK,Fairbanks North Star Borough,7
08115,CO,Sedgwick County,7
56043,WY,Washakie County,7
30029,MT,Flathead County,7
49001,UT,Beaver County,7
53009,WA,Clallam County,7
30011,MT,Carter County,7
19053,IA,Decatur County,7
04001,AZ,Apache County,7
16015,ID,Boise County,7
16057,ID,Latah County,7
08023,CO,Costilla County,7
53047,WA,Okanogan County,7
50015,VT,Lamoille County,7
08019,CO,Clear Creek County,7
08067,CO,La Plata County,7
19143,IA,Osceola County,7
17085,IL,Jo Daviess County,7
50005,VT,Caledonia County,7
46079,SD,Lake County,7
20083,KS,Hodgeman County,7
08081,CO,Moffat County,7
30105,MT,Valley County,7
16017,ID,Bonner County,7
27097,MN,Morrison County,7
30071,MT,Phillips County,7
02060,AK,Bristol Bay Borough,7
53037,WA,Kittitas County,7
41069,OR,Wheeler County,7
30075,MT,Powder River County,7
56015,WY,Goshen County,7
53059,WA,Skamania County,7
30087,MT,Rosebud County,7
41049,OR,Morrow County,7
19059,IA,Dickinson County,7
31045,NE,Dawes County,7
49047,UT,Uintah County,7
30009,MT,Carbon County,7
41025,OR,Harney County,7
56029,WY,Park County,7
30043,MT,Jefferson County,7
08083,CO,Montezuma County,7
56045,WY,Weston County,7
16041,ID,Franklin County,7
31049,NE,Deuel County,7
46019,SD,Butte County,7
16029,ID,Caribou County,7
08119,CO,Teller County,7
04011,AZ,Greenlee County,7
31103,NE,Keya Paha County,7
02100,AK,Haines Borough,7
49027,UT,Millard County,7
41027,OR,Hood River County,7
30095,MT,Stillwater County,7
56003,WY,Big Horn County,7
27107,MN,Norman County,7
56033,WY,Sheridan County,7
53039,WA,Klickitat County,7
53031,WA,Jefferson County,7
46061,SD,Hanson County,7
56013,WY,Fremont County,7
35049,NM,Santa Fe County,7
32013,NV,Humboldt County,6
27031,MN,Cook County,6
35055,NM,Taos County,6
53019,WA,Ferry County,6
02110,AK,Juneau City and Borough,6
02130,AK,Ketchikan Gateway Borough,6
30097,MT,Sweet Grass County,6
46119,SD,Sully County,6
06051,CA,Mono County,6
30081,MT,Ravalli County,6
56011,WY,Crook County,6
46117,SD,Stanley County,6
30001,MT,Beaverhead County,6
49013,UT,Duchesne County,6
41031,OR,Jefferson County,6
16021,ID,Boundary County,6
02240,AK,Southeast Fairbanks Census Area,6
30109,MT,Wibaux County,6
16003,ID,Adams County,6
02070,AK,Dillingham Census Area,6
16081,ID,Teton County,6
04023,AZ,Santa Cruz County,6
02290,AK,Yukon-Koyukuk Census Area,6
30107,MT,Wheatland County,6
08093,CO,Park County,6
08103,CO,Rio Blanco County,6
30057,MT,Madison County,6
08077,CO,Mesa County,6
46071,SD,Jackson County,6
56007,WY,Carbon County,6
02270,AK,Wade Hampton Census Area,6
30079,MT,Prairie County,6
30089,MT,Sanders County,6
31135,NE,Perkins County,6
08065,CO,Lake County,6
41001,OR,Baker County,6
49019,UT,Grand County,6
20157,KS,Republic County,6
41037,OR,Lake County,6
49043,UT,Summit County,5
08007,CO,Archuleta County,5
30091,MT,Sheridan County,5
08049,CO,Grand County,5
30031,MT,Gallatin County,5
53055,WA,San Juan County,5
16061,ID,Lewis County,5
08015,CO,Chaffee County,5
56023,WY,Lincoln County,5
08109,CO,Saguache County,5
30067,MT,Park County,5
49055,UT,Wayne County,5
41023,OR,Grant County,5
49037,UT,San Juan County,5
08027,CO,Custer County,5
56035,WY,Sublette County,5
16037,ID,Custer County,5
16049,ID,Idaho County,5
08097,CO,Pitkin County,5
56019,WY,Johnson County,5
02050,AK,Bethel Census Area,4
08085,CO,Montrose County,4
35003,NM,Catron County,4
08107,CO,Routt County,4
02230,AK,Skagway Municipality,4
08037,CO,Eagle County,4
08029,CO,Delta County,4
49025,UT,Kane County,4
56039,WY,Teton County,4
08051,CO,Gunnison County,4
02180,AK,Nome Census Area,4
08113,CO,San Miguel County,4
16013,ID,Blaine County,4
08117,CO,Summit County,3
08091,CO,Ouray County,2
08047,CO,Gilpin County,N/A
49033,UT,Rich County,N/A
32029,NV,Storey County,N/A
30037,MT,Golden Valley County,N/A
30103,MT,Treasure County,N/A
35021,NM,Harding County,N/A
08079,CO,Mineral County,N/A
08053,CO,Hinsdale County,N/A
31075,NE,Grant County,N/A
32009,NV,Esmeralda County,N/A
49009,UT,Daggett County,N/A
28055,MS,Issaquena County,N/A
16033,ID,Clark County,N/A
31009,NE,Blaine County,N/A
31165,NE,Sioux County,N/A
08111,CO,San Juan County,N/A
31085,NE,Hayes County,N/A
30069,MT,Petroleum County,N/A
31007,NE,Banner County,N/A
38087,ND,Slope County,N/A
31115,NE,Loup County,N/A
38007,ND,Billings County,N/A
48033,TX,Borden County,N/A
48261,TX,Kenedy County,N/A
48269,TX,King County,N/A
02122,AK,Kenai Peninsula Borough,N/A
48301,TX,Loving County,N/A
99999,AK,Combined Alaska Counties,7
02013,AK,Aleutians East Borough,N/A
02016,AK,Aleutians West Census Area,N/A
02068,AK,Denali Borough,N/A
02105,AK,Hoonah-Angoon Census Area,N/A
02164,AK,Lake and Peninsula Borough,N/A
02185,AK,North Slope Borough,N/A
02188,AK,Northwest Arctic Borough,N/A
02195,AK,Petersburg Census Area,N/A
02198,AK,Prince of Wales-Hyder Census Area,N/A
02261,AK,Valdez-Cordova Census Area,N/A
02275,AK,Wrangell City and Borough,N/A
02282,AK,Yakutat City and Borough,N/A
15005,HI,Kalawao County,N/A
51005,VA,Alleghany County,N/A
51685,VA,Manassas Park City,N/A
